URL,Video_ID,Username,Views,Thumbnail,Post_Date,Crawl_Date,Date_Text,Description,Hashtags,Music,Likes,Comments,Shares,Saves
https://www.tiktok.com/@msglowbeauty/video/7361674918548835590,7361674918548835590,msglowbeauty,4.4M,https://p16-sign-va.tiktokcdn.com/obj/tos-maliva-p-0068/oUKJBfYRBgozinxCWpi7PIEFFAkId1qoziIMXA?lk3s=81f88b70&x-expires=1742040000&x-signature=Qpn0jBZrGAjLO2cYxj5wJjhxiZI%3D&shp=81f88b70&shcp=-,2024-04-25,2025-03-13 19:58:07,2024-4-25,"SPECIAL PAYDAY SALE diskon up to 40%, stock terbatas jadi Checkout atau Join Ruang Live sekarang juga! #msglow  #msglowskincare  ","#msglow , #msglowskincare ",To.X LIZandGAEUL - .,5771,194,550,587
https://www.tiktok.com/@msglowbeauty/video/7374362734932086021,7374362734932086021,msglowbeauty,6.4M,https://p16-sign-va.tiktokcdn.com/obj/tos-maliva-p-0068/oItAgFEGkDZiWJRefA68At92IfkGQqFEyKQMfB?lk3s=81f88b70&x-expires=1742040000&x-signature=5l4AB7RBNvrI6bap9W%2BOi2hE4sw%3D&shp=81f88b70&shcp=-,2024-05-29,2025-03-13 19:58:38,2024-5-29,"Lagi fokus mau cerahin kulit wajah? MS Glow whitening series wajib kamu coba! Special payday sale, disc up to 40%🥰 #msglow  #msglowskincare  ","#msglow , #msglowskincare ",_hudaylc - 𝐇,9466,408,1301,1061
https://www.tiktok.com/@msglowbeauty/video/7481108495928970504,7481108495928970504,msglowbeauty,3017,https://p16-sign-sg.tiktokcdn.com/obj/tos-alisg-p-0037/o4Bv91gZA9APAZaxBLEvAAQDGIAlil3AYSEIi?lk3s=81f88b70&x-expires=1742040000&x-signature=2X91wco9xhBR%2FpjFtp2ht32sKUE%3D&shp=81f88b70&shcp=-,2025-03-13,2025-03-13 19:59:09,10h ago,"Hayo Siapa disini yang hari ini mungkin ngerasa hidupnya lagi berat? Mungkin kamu butuh tempat bercerita, Yuk sharing di kolom komentar. Buat kamu yang punya pertanyaan lain untuk ustad @Irfan Rizki  boleh dikomen juga ya 🩵",N/A,original sound  - msglow.beauty,190,0,Share,0
https://www.tiktok.com/@msglowbeauty/video/7480740154223709458,7480740154223709458,msglowbeauty,10.5K,https://p16-sign-sg.tiktokcdn.com/obj/tos-alisg-p-0037/oMG0UIPQDrX2OC25gEfxAfAAkFKNAnBEV0yRJh?lk3s=81f88b70&x-expires=1742040000&x-signature=D3x2Csbl6QNb8py4DyuPmcbxKEk%3D&shp=81f88b70&shcp=-,2025-03-13,2025-03-13 19:59:40,1d ago,Siap glowing sebelum lebaran ❤️ #msglow  #msglowbeauty  ,"#msglow , #msglowbeauty ",Marhaban Ya Ramadan - Lux-Inspira,220,6,7,8
https://www.tiktok.com/@msglowbeauty/video/7480739813730143495,7480739813730143495,msglowbeauty,4331,https://p16-sign-sg.tiktokcdn.com/obj/tos-alisg-p-0037/oAaK5AfIq6ICC7IvCdwXIUiicMhqpzQUBTAHAX?lk3s=81f88b70&x-expires=1742040000&x-signature=tplQtFAnouUka8gFUVICWOoHmG0%3D&shp=81f88b70&shcp=-,2025-03-13,2025-03-13 20:00:11,1d ago,Replying to @Itsourthings  kata siapa acne prone skin gabisa ikutan trend makeup kayak habis mandii? pake Acne Zone BB Premium dari MSGLOW ajaaa cocok banget untuk kulit sensitif dan berjerawat🤩✨💖 #MSGLOWBEAUTY  ,#MSGLOWBEAUTY ,Kyoto City Night - SPEARS69 & Satria Petir & Eko Ardian,172,1,10,4
https://www.tiktok.com/@msglowbeauty/video/7480559604229786887,7480559604229786887,msglowbeauty,8127,https://p16-sign-sg.tiktokcdn.com/obj/tos-alisg-p-0037/ow2eBofDUIozRcnETSYdn0hEQBVA5EkEFBJMIg?lk3s=81f88b70&x-expires=1742040000&x-signature=cDwzDcdSIatuAkCTs%2FCDAhTqRqo%3D&shp=81f88b70&shcp=-,2025-03-13,2025-03-13 20:00:42,1d ago,Siapa yang udah cobain White Forte Body Lotion dari MSGLOW?? yuk absen di kolom komentar🤩🤩✨ #MSGLOWBEAUTY  #msglow  ,"#MSGLOWBEAUTY , #msglow ",original sound  - msglow.beauty,197,3,22,6
https://www.tiktok.com/@msglowbeauty/video/7480432269446991125,7480432269446991125,msglowbeauty,11.6K,https://p16-sign-sg.tiktokcdn.com/obj/tos-alisg-p-0037/oMQCDDi5qEByl6AAVuAwvuizzPIZIaTAOAZf1B?lk3s=81f88b70&x-expires=1742040000&x-signature=Fzi7GvmDK1IenDoLLzW7LT1QcTM%3D&shp=81f88b70&shcp=-,2025-03-13,2025-03-13 20:01:13,2d ago,Klo dikepala kamu kira2 pas skincarean lagi mikirin apa? Komen dibawah dong 😍🩵 #msglow  #msglowbeauty  ,"#msglow , #msglowbeauty ",original sound  - msglow.beauty,249,2,17,5
https://www.tiktok.com/@msglowbeauty/video/7480431548412529927,7480431548412529927,msglowbeauty,10.6K,https://p16-sign-sg.tiktokcdn.com/obj/tos-alisg-p-0037/oUESAIBzM5P1Ui970YDBOwACK4APA4gAcIAgif?lk3s=81f88b70&x-expires=1742040000&x-signature=BhJC93%2BWe%2B1ztJt%2BZ%2FrswsUsUjI%3D&shp=81f88b70&shcp=-,2025-03-13,2025-03-13 20:01:44,2d ago,"MSGLOW bukan hanya sekedar produk skincare terbaik di Indonesia, tapi MSGLOW jg punya misi untuk meningkatkan value wanita-wanita diluar sana dan  pastinya  saling memberikan nilai kebermanfaatan untuk masyarakat sekitar 🩵 #msglow  #womenwithvalue  #hariperempuansedunia  #hariperempuaninternasional  #womensday  ","#msglow , #womenwithvalue , #hariperempuansedunia , #hariperempuaninternasional , #womensday ",Dramatic and emotional cinemate(1329076) - Art Music Style,282,7,Share,10
https://www.tiktok.com/@msglowbeauty/video/7480376162879950087,7480376162879950087,msglowbeauty,7591,https://p16-sign-sg.tiktokcdn.com/obj/tos-alisg-p-0037/o0ADoeaDBIDoBPziAoiAIkIhrBvVzAAEiDw7C5?lk3s=81f88b70&x-expires=1742040000&x-signature=iSCjmYb7HErPuIrEKlUWppnvPtI%3D&shp=81f88b70&shcp=-,2025-03-13,2025-03-13 20:02:16,2d ago,Outfit check masuk ke ruang produksi harus tetap steril ya beauties 🤩  #MSGlowBeauty  #MSGlow  #Skincare  #AmanTerpercaya  #KembaliKeMSGLOW  #glowing  ,"#MSGlowBeauty , #MSGlow , #Skincare , #AmanTerpercaya , #KembaliKeMSGLOW , #glowing ",original sound  - msglow.beauty,221,3,Share,1
https://www.tiktok.com/@msglowbeauty/video/7480223905941130504,7480223905941130504,msglowbeauty,124.3K,https://p16-sign-sg.tiktokcdn.com/obj/tos-alisg-p-0037/okmCLDi5DEBKlyAAbEAwPziZzPITIaUAKA5emB?lk3s=81f88b70&x-expires=1742040000&x-signature=l%2BCSckQz5heHnudLvH5uXpBovDw%3D&shp=81f88b70&shcp=-,2025-03-13,2025-03-13 20:02:47,2d ago,Dibulan puasa ini bukan cuman fokus untuk glowingkan diri tapi juga wajib buat glowingkan hati... yuk tulis di kolom komen kira2 kamu mau nanya apa nih ke ustad @Irfan Rizki   🙏🏻✨ #msglow  #msglowbeauty  #ustadirfan  ,"#msglow , #msglowbeauty , #ustadirfan ",original sound  - msglow.beauty,245,0,5,2
https://www.tiktok.com/@msglowbeauty/video/7480220929457507592,7480220929457507592,msglowbeauty,9325,https://p16-sign-sg.tiktokcdn.com/obj/tos-alisg-p-0037/oIIBz5Azz1o4CBi0LEqAuWAAiDOVPAAExwfiIF?lk3s=81f88b70&x-expires=1742040000&x-signature=W%2FQXkUZkJ%2BApb8cBp7QbW4OVdJM%3D&shp=81f88b70&shcp=-,2025-03-13,2025-03-13 20:03:18,2d ago,Disini MSGLOW ngajak semua selleernya untuk terjun langsung melihat produksi produk2 MSGLOW 🩵 dan membuktikan bahwa produk2 MSGLOW ini terjamin aman dan di produksi di negara sendiri ✨#msglow  #eliteglowbal   ,"#msglow , #eliteglowbal ",original sound  - msglow.beauty,260,0,3,2
https://www.tiktok.com/@msglowbeauty/video/7480220744144702727,7480220744144702727,msglowbeauty,2642,https://p16-sign-sg.tiktokcdn.com/obj/tos-alisg-p-0037/oIiPl4UEAeRYAIXE9CFnAFDDglcLABRSfxzEVq?lk3s=81f88b70&x-expires=1742040000&x-signature=8UjP65V40%2F553S07B9KbtrvKxfU%3D&shp=81f88b70&shcp=-,2025-03-13,2025-03-13 20:03:49,2d ago,Next mau tanya minglow apa lagi nih? Komen dibawah 🩵 #whitecelldna  #msglow   #msglowbeauty  ,"#whitecelldna , #msglow , #msglowbeauty ",original sound  - msglow.beauty,191,0,5,2
https://www.tiktok.com/@msglowbeauty/video/7480184379881524487,7480184379881524487,msglowbeauty,8340,https://p16-sign-sg.tiktokcdn.com/obj/tos-alisg-p-0037/oIHBiBzk3C1AmDoOEAABifzIK95tzIAJ7A7Iwv?lk3s=81f88b70&x-expires=1742040000&x-signature=UY9Z4KhlsVskOi6NWobu%2B6DSGyo%3D&shp=81f88b70&shcp=-,2025-03-13,2025-03-13 20:04:20,2d ago,Bener bener bikin melongo deh MSGlow Beauty ternyata punya mesin secanggih ini 🥹😱😱   #MSGlowBeauty  #MSGlow  #Skincare  #AmanTerpercaya  ,"#MSGlowBeauty , #MSGlow , #Skincare , #AmanTerpercaya ",original sound  - msglow.beauty,198,0,5,3
https://www.tiktok.com/@msglowbeauty/video/7480100903979191570,7480100903979191570,msglowbeauty,4854,https://p16-sign-sg.tiktokcdn.com/obj/tos-alisg-p-0037/o8LvlDJC5BA8OnoiiIYAw5ZqBEEAoAih7iAA6?lk3s=81f88b70&x-expires=1742040000&x-signature=RvxBcInq1eq5Mh8CrDppwkl68D8%3D&shp=81f88b70&shcp=-,2025-03-13,2025-03-13 20:04:50,3d ago,Visit Factory MSGlow Beauty Team Eliteglowbal di Kosme Surabaya nihh yuhuuu ❤️‍🔥❤️‍🔥  #MSGlowBeauty  #MSGlow  #Skincare  #AmanTerpercaya  ,"#MSGlowBeauty , #MSGlow , #Skincare , #AmanTerpercaya ",original sound  - msglow.beauty,180,2,5,1
https://www.tiktok.com/@msglowbeauty/video/7480053067233185079,7480053067233185079,msglowbeauty,8585,https://p16-sign-sg.tiktokcdn.com/obj/tos-alisg-p-0037/o0JzZkVtAAA5AIL5wEiK51KBJv9zISfiACBDPI?lk3s=81f88b70&x-expires=1742040000&x-signature=G5yMQY%2BxaucPeMsG0wI%2BlaHPwww%3D&shp=81f88b70&shcp=-,2025-03-13,2025-03-13 20:05:22,3d ago,Lets get ready with us for Acne Prone Skin! 💚✨ #msglowbeauty  #MSGLOWBEAUTY  ,"#msglowbeauty , #MSGLOWBEAUTY ",original sound  - msglow.beauty,205,1,23,7
https://www.tiktok.com/@msglowbeauty/video/7480035574330510613,7480035574330510613,msglowbeauty,7572,https://p16-sign-sg.tiktokcdn.com/obj/tos-alisg-p-0037/ok9AiAAisEA8DIAwPdC53ZIz5zbjBf0BKMsziO?lk3s=81f88b70&x-expires=1742040000&x-signature=eLcG0YiJwy%2BqgPPKMAUMem7wZmI%3D&shp=81f88b70&shcp=-,2025-03-13,2025-03-13 20:05:54,3d ago,Sunscreen ini bener bener enak banget dijadiin susncreen favorite di tahun ini 🩵 texturenya gentle dan ringan bikin kulit wajah jadi lebih terasa terproteksi dari sinar matahari ✨ #msglowbeauty  #sunwhitemsglow  ,"#msglowbeauty , #sunwhitemsglow ",original sound  - msglow.beauty,223,5,4,2
https://www.tiktok.com/@msglowbeauty/video/7480017298481286407,7480017298481286407,msglowbeauty,6741,https://p16-sign-sg.tiktokcdn.com/obj/tos-alisg-p-0037/owti2cwElYQVzKEnAsGQRuCFyfGfWmEUBDwBgR?lk3s=81f88b70&x-expires=1742040000&x-signature=%2BHTw16sNQV6RqSiQfjA4eiyuXhc%3D&shp=81f88b70&shcp=-,2025-03-13,2025-03-13 20:06:25,3d ago,yang penting pelan-pelan kan yah maksudnya…… 😂😂🤭🫣😆 #MSGLOWBEAUTY  #msglowbeauty  ,"#MSGLOWBEAUTY , #msglowbeauty ",Kyoto City Night - SPEARS69 & Satria Petir & Eko Ardian,186,6,7,9
https://www.tiktok.com/@msglowbeauty/video/7479812534472658182,7479812534472658182,msglowbeauty,8111,https://p16-sign-va.tiktokcdn.com/obj/tos-maliva-p-0068/oMuUQeQZAEWQrGYAUAAskb8eI4QeeLgifAeObB?lk3s=81f88b70&x-expires=1742040000&x-signature=Rr3nbKZwU7O3E6WXsl4pPyt6hUY%3D&shp=81f88b70&shcp=-,2025-03-13,2025-03-13 20:06:56,3d ago,Cobain langsung produk terbarunya MSGLOW di acara Connecting For Souls by Hameeda🤩✨❤️ #msglowbeauty  #MSGLOWBEAUTY  ,"#msglowbeauty , #MSGLOWBEAUTY ",original sound  - msglow.beauty,161,0,4,0
https://www.tiktok.com/@msglowbeauty/video/7479658306735246609,7479658306735246609,msglowbeauty,13.9K,"data:image/gif;base64,R0lGODlhAQABAIAAAAAAAP///yH5BAEAAAAALAAAAAABAAEAAAIBRAA7",2025-03-13,2025-03-13 20:07:29,4d ago,Visit Factory MSGlow Beauty bersama kak Widya eliteglowbal 🤩  Seru banget nih ngeluhat proses pembuatan produk MSGlow Beauty secara langsungg ✨  #MSGlowBeauty  #MSGlow  #Skincare  #pabrikmsglow  ,"#MSGlowBeauty , #MSGlow , #Skincare , #pabrikmsglow ",original sound  - msglow.beauty,303,14,7,3
https://www.tiktok.com/@msglowbeauty/video/7479656805786799380,7479656805786799380,msglowbeauty,10.6K,"data:image/gif;base64,R0lGODlhAQABAIAAAAAAAP///yH5BAEAAAAALAAAAAABAAEAAAIBRAA7",2025-03-13,2025-03-13 20:10:09,4d ago,Iyaa iyaa gak lama lama kok untuk pake White BB Premium sat set muka auto glowup 🤗 #msglowbeauty  #whitebbpremiummsglow   ,"#msglowbeauty , #whitebbpremiummsglow ",original sound  - msglow.beauty,220,4,24,8
https://www.tiktok.com/@msglowbeauty/video/7479391942757928200,7479391942757928200,msglowbeauty,16.6K,"data:image/gif;base64,R0lGODlhAQABAIAAAAAAAP///yH5BAEAAAAALAAAAAABAAEAAAIBRAA7",2025-03-13,2025-03-13 20:10:40,5d ago,Ini nih keuntungan jadi seller MSGlow Beauty 🤩 bisa lihat pabriknya langsung loh!!!!  #MSGlowBeauty  #MSGlow  #Skincare  #pabrikmsglow  ,"#MSGlowBeauty , #MSGlow , #Skincare , #pabrikmsglow ",suara asli  - msglow.beauty,211,15,2,5
https://www.tiktok.com/@msglowbeauty/video/7479307663399079175,7479307663399079175,msglowbeauty,25.7K,"data:image/gif;base64,R0lGODlhAQABAIAAAAAAAP///yH5BAEAAAAALAAAAAABAAEAAAIBRAA7",2025-03-13,2025-03-13 20:11:11,5d ago,"Dalam proses produksi produk MSGlow Beauty tentu saja harus sesuai dengan SOP ya beauties 🙌🏻 termasuk dalam kebersihan, kerapian dan sudah menggunakan alat yg canggih 🤩  #MSGlowBeauty  #MSGlow  #Skincare  #pabrikmsglow  ","#MSGlowBeauty , #MSGlow , #Skincare , #pabrikmsglow ",suara asli  - msglow.beauty,470,46,16,16
https://www.tiktok.com/@msglowbeauty/video/7478981508565306679,7478981508565306679,msglowbeauty,11K,"data:image/gif;base64,R0lGODlhAQABAIAAAAAAAP///yH5BAEAAAAALAAAAAABAAEAAAIBRAA7",2025-03-13,2025-03-13 20:11:42,6d ago,"Di balik reruntuhan, ada harapan yang tak boleh padam.🥀  Tepat di Bulan Suci Ramadhan ini, ungkapan duka yang mendalam untuk korban bencana banjir Bekasi🖤🥀  sebagai bentuk peduli MSGLOW Beauty, kami hadir untuk mengunjungi posko korban bencana banjir Bekasi untuk memberikan dukungan, semangat bagi saudara kita yang terdampak❤️  Sedikit kehangatan dan doa dari kita, semoga akan tetap selalu tersalurkan dan bermanfaat💗 #msglowbeauty  ",#msglowbeauty ,Kyoto City Night - SPEARS69 & Satria Petir & Eko Ardian,270,4,6,1
https://www.tiktok.com/@msglowbeauty/video/7478629348254207239,7478629348254207239,msglowbeauty,123.4K,"data:image/gif;base64,R0lGODlhAQABAIAAAAAAAP///yH5BAEAAAAALAAAAAABAAEAAAIBRAA7",2025-03-13,2025-03-13 20:12:13,1w ago,Tenggorokan boleh kering tapi kulit jangan 🩵✨🥰 #msglowbeauty  #ramadan  #promoramadhan  #bodydosting  #whitefortebodylotion  ,"#msglowbeauty , #ramadan , #promoramadhan , #bodydosting , #whitefortebodylotion ",original sound  - msglow.beauty,273,5,38,13
https://www.tiktok.com/@msglowbeauty/video/7478549312838962450,7478549312838962450,msglowbeauty,24.1K,"data:image/gif;base64,R0lGODlhAQABAIAAAAAAAP///yH5BAEAAAAALAAAAAABAAEAAAIBRAA7",2025-03-13,2025-03-13 20:12:46,1w ago,Coba komen kata-kata hari ini yang menarik versi kamu 🩵✨ #msglowbeauty  #ultimateseriesmsglow  ,"#msglowbeauty , #ultimateseriesmsglow ",Kyoto City Night - SPEARS69 & Satria Petir & Eko Ardian,601,68,45,14
https://www.tiktok.com/@msglowbeauty/video/7478536039716424967,7478536039716424967,msglowbeauty,136.8K,"data:image/gif;base64,R0lGODlhAQABAIAAAAAAAP///yH5BAEAAAAALAAAAAABAAEAAAIBRAA7",2025-03-13,2025-03-13 20:13:17,1w ago,Yuk berburu promo ramadan MSGLOW Beauty sebelum kehabisan 🩵✨ #msglowbeauty  #ramadan  #promoramadhan  ,"#msglowbeauty , #ramadan , #promoramadhan ",Kyoto City Night - SPEARS69 & Satria Petir & Eko Ardian,377,0,9,7
https://www.tiktok.com/@msglowbeauty/video/7478281023357291794,7478281023357291794,msglowbeauty,10K,"data:image/gif;base64,R0lGODlhAQABAIAAAAAAAP///yH5BAEAAAAALAAAAAABAAEAAAIBRAA7",2025-03-05,2025-03-13 20:13:48,3-5,✨ The Power of White Cell DNA Serum✨ #MSGLOWBEAUTY  ,#MSGLOWBEAUTY ,original sound  - msglow.beauty,266,12,132,20
https://www.tiktok.com/@msglowbeauty/video/7478159510893382919,7478159510893382919,msglowbeauty,26.4K,"data:image/gif;base64,R0lGODlhAQABAIAAAAAAAP///yH5BAEAAAAALAAAAAABAAEAAAIBRAA7",2025-03-05,2025-03-13 20:14:19,3-5,Ini alasannya kenapa White Cell DNA jadi salah satu kandungan yang ampuh banget untuk permasalahan anti aging dan mencerahkan 🩵✨ #whitecelldna  #msglowbeauty  ,"#whitecelldna , #msglowbeauty ",Kyoto City Night - SPEARS69 & Satria Petir & Eko Ardian,457,41,62,21
https://www.tiktok.com/@msglowbeauty/video/7477990376054230293,7477990376054230293,msglowbeauty,122.8K,"data:image/gif;base64,R0lGODlhAQABAIAAAAAAAP///yH5BAEAAAAALAAAAAABAAEAAAIBRAA7",2025-03-04,2025-03-13 20:14:50,3-4,Kapan lagi nemuin sunscreen yang gak cuman proteksi kulit wajah secara maksimal tapi juga bikin glowing especially di bulan Ramadhan ini 🩵✨ #sunwhitemsglow  #MSGLOWBeauty  ,"#sunwhitemsglow , #MSGLOWBeauty ",original sound  - msglow.beauty,277,14,54,32
https://www.tiktok.com/@msglowbeauty/video/7477563630469270785,7477563630469270785,msglowbeauty,8751,"data:image/gif;base64,R0lGODlhAQABAIAAAAAAAP///yH5BAEAAAAALAAAAAABAAEAAAIBRAA7",2025-03-03,2025-03-13 20:15:21,3-3,Minglow lagi main tebak harga Sunwhite nih 🤩  Yuk kira” main tebak apa lagi ya beauties ?  #MSGlowBeauty  #MSGlow  #Skincare  #RansCarnival  #RansCarnivalMalang  #Malang  ,"#MSGlowBeauty , #MSGlow , #Skincare , #RansCarnival , #RansCarnivalMalang , #Malang ",suara asli  - msglow.beauty,216,8,2,1
https://www.tiktok.com/@msglowbeauty/video/7477490397040741640,7477490397040741640,msglowbeauty,8252,"data:image/gif;base64,R0lGODlhAQABAIAAAAAAAP///yH5BAEAAAAALAAAAAABAAEAAAIBRAA7",2025-03-03,2025-03-13 20:15:52,3-3,Mana bisa nolak kalau dikasih satu kantong produk MSGLOW Beauty🫣😆👀🤭😍 #msglowbeauty  #MSGLOWBEAUTY  #MSGLOW  ,"#msglowbeauty , #MSGLOWBEAUTY , #MSGLOW ",original sound  - msglow.beauty,126,1,3,4
https://www.tiktok.com/@msglowbeauty/video/7477440553198619912,7477440553198619912,msglowbeauty,16.6K,"data:image/gif;base64,R0lGODlhAQABAIAAAAAAAP///yH5BAEAAAAALAAAAAABAAEAAAIBRAA7",2025-03-03,2025-03-13 20:16:23,3-3,AMANKAN STOK SKINCARE KALIAN BEAUTIES!!! Jangan sampe ramadhan ini kalian kehabisan skincare 😠🫵🏻   Yuk mulai cuss order dan borong sebanyak banyaknya beautiess  #MSGlowBeauty  #MSGlow  #Skincare  #AmanTerpercaya  #KembaliKeMSGLOW  #glowing  ,"#MSGlowBeauty , #MSGlow , #Skincare , #AmanTerpercaya , #KembaliKeMSGLOW , #glowing ",original sound  - msglow.beauty,276,12,19,10
https://www.tiktok.com/@msglowbeauty/video/7477420708054748424,7477420708054748424,msglowbeauty,15.5K,"data:image/gif;base64,R0lGODlhAQABAIAAAAAAAP///yH5BAEAAAAALAAAAAABAAEAAAIBRAA7",2025-03-03,2025-03-13 20:16:54,3-3,SECINTA ITU SAMA SUNWHITE 🥹🫶🏻🫶🏻  #MSGlowBeauty  #MSGlow  #Skincare  #skincareroutine  #Sunscreen  #sunscreenviral  #Sunwhite  ,"#MSGlowBeauty , #MSGlow , #Skincare , #skincareroutine , #Sunscreen , #sunscreenviral , #Sunwhite ",suara asli  - msglow.beauty,196,19,10,5
https://www.tiktok.com/@msglowbeauty/video/7476833157065690386,7476833157065690386,msglowbeauty,7571,"data:image/gif;base64,R0lGODlhAQABAIAAAAAAAP///yH5BAEAAAAALAAAAAABAAEAAAIBRAA7",2025-03-01,2025-03-13 20:17:25,3-1,The magic of White BB Premium from MSGLOW Beauty😍✨ #GlowupTanpaMakeup  #msglowbeauty  #MSGLOWBEAUTY  ,"#GlowupTanpaMakeup , #msglowbeauty , #MSGLOWBEAUTY ",original sound  - msglow.beauty,143,10,63,5
https://www.tiktok.com/@msglowbeauty/video/7476826436360359174,7476826436360359174,msglowbeauty,129.4K,"data:image/gif;base64,R0lGODlhAQABAIAAAAAAAP///yH5BAEAAAAALAAAAAABAAEAAAIBRAA7",2025-03-01,2025-03-13 20:17:58,3-1,"Waduh klo udah di ajakin buru2 apalagi buat buka puasa bersama gini sih, butuh banget yang satset satset ... untung ada White BB Premium 🩵 #whitebbpremium  #glowuptanpamakeup  ","#whitebbpremium , #glowuptanpamakeup ",original sound  - msglow.beauty,230,11,45,14
https://www.tiktok.com/@msglowbeauty/video/7476477022064381191,7476477022064381191,msglowbeauty,10.7K,"data:image/gif;base64,R0lGODlhAQABAIAAAAAAAP///yH5BAEAAAAALAAAAAABAAEAAAIBRAA7",2025-02-28,2025-03-13 20:18:29,2-28,ini nih rahasianya biar makim sat set!! pake white bb premium donggg pastinyaaa😍😍😍,N/A,original sound  - msglow.beauty,132,1,33,3
https://www.tiktok.com/@msglowbeauty/video/7476476578352893202,7476476578352893202,msglowbeauty,19.7K,"data:image/gif;base64,R0lGODlhAQABAIAAAAAAAP///yH5BAEAAAAALAAAAAABAAEAAAIBRAA7",2025-02-28,2025-03-13 20:19:00,2-28,Wahh Glow to Campus kali ini MSGLOW Beauty dateng ke Universitas Bunda Mulia nihh beauties & acaranyaaa seru banget lohhh🤩🤩🤩 kira-kira nextnyaa kita ke campus mana lagi yaaahh?? 🤔🤔🤔 ,N/A,original sound  - msglow.beauty,194,5,2,2
https://www.tiktok.com/@msglowbeauty/video/7476331715514944775,7476331715514944775,msglowbeauty,15.9K,https://p16-sign-sg.tiktokcdn.com/obj/tos-alisg-p-0037/oUlBYAZBAqarBq56AAiBk8MEEYADRFWIEvi2G?lk3s=81f88b70&x-expires=1742040000&x-signature=IdprdBMMJgMEuANL1o0y9qQdx%2F4%3D&shp=81f88b70&shcp=-,2025-02-28,2025-03-13 20:19:32,2-28,Gak nyangka hasilnya bener2 sebagus ini gak perlu makeup dempul dan lama lagi karena udah ada White BB Premium 🩵🩵✨ #whitebbpremiummsglow  #glowuptanpamakeup  ,"#whitebbpremiummsglow , #glowuptanpamakeup ",original sound  - msglow.beauty,353,7,38,9
https://www.tiktok.com/@msglowbeauty/video/7476107010551876872,7476107010551876872,msglowbeauty,155.4K,https://p16-sign-sg.tiktokcdn.com/obj/tos-alisg-p-0037/oMA8AYi7zArB13BAilA8DdZu5BDALIsPgEErE?lk3s=81f88b70&x-expires=1742040000&x-signature=gMfvoqFyp53J4m2ucvph2i3M%2B7g%3D&shp=81f88b70&shcp=-,2025-02-27,2025-03-13 20:20:03,2-27,BODY DOSTING MSGLOW UDAH RESTOCKKK !!!!! ✨✨ Buruan di CO sekarang!!! Sebelum kehabisan lagi 😱😱 #MSGLOWBeauty  #whitefortebodylotion  ,"#MSGLOWBeauty , #whitefortebodylotion ",Kyoto City Night - SPEARS69 & Satria Petir & Eko Ardian,693,8,29,39
https://www.tiktok.com/@msglowbeauty/video/7475994060948245767,7475994060948245767,msglowbeauty,8415,https://p16-sign-sg.tiktokcdn.com/obj/tos-alisg-p-0037/oAxIgFM0PeDafs7AC8LIACG7IgAjxN0gQde5oC?lk3s=81f88b70&x-expires=1742040000&x-signature=up%2B3ly61XTaRfzjmq2k4RUMJM%2FQ%3D&shp=81f88b70&shcp=-,2025-02-27,2025-03-13 20:22:52,2-27,Waduh suntik putih gak tuh? Untung kakaknya pake Body Dostingnya MSGLOW uangnya bisa buat jajan kopi sama beli produk MSGLOW lagi 😱😍😍 #MSGLOWBeauty  #whitefortebodylotion  #bodydosting  ,"#MSGLOWBeauty , #whitefortebodylotion , #bodydosting ",Ghibli-style nostalgic waltz - MaSssuguMusic,195,5,91,16
https://www.tiktok.com/@msglowbeauty/video/7475948924134526215,7475948924134526215,msglowbeauty,26.9K,https://p16-sign-sg.tiktokcdn.com/obj/tos-alisg-p-0037/o0YAfW4rAnOf7sAE2BllBPAQgfAYfhIAZfXAbe?lk3s=81f88b70&x-expires=1742040000&x-signature=XO3iT0WNG0tRucz9GdqtnYBAtiA%3D&shp=81f88b70&shcp=-,2025-02-27,2025-03-13 20:23:25,2-27,"Teksturenya yang creamy ini bikin kulit jadi lebih glowing dan cerah, pakainya gak perlu banyak banyak udah bisa merata seluruh wajah 🩵 #MSGLOWBeauty  #whiteningdaycream  ","#MSGLOWBeauty , #whiteningdaycream ",original sound  - msglow.beauty,551,3,98,13
https://www.tiktok.com/@msglowbeauty/video/7475922858095496453,7475922858095496453,msglowbeauty,9192,https://p16-sign-sg.tiktokcdn.com/obj/tos-alisg-p-0037/owUCwshADAfDZxtbAAARwIfMEdBFAAEngEDI0h?lk3s=81f88b70&x-expires=1742040000&x-signature=a0vbRlsWDSOBZ9JiiSW0KmtNuS4%3D&shp=81f88b70&shcp=-,2025-02-27,2025-03-13 20:23:58,2-27,"Emang kalo udah ada problems sama kulit jangan disepelein...essence ini kudu dipakai tiap pagi dan malem, apalagi kalo ditambahin skincare lembgkap uh bakal tambah mantul yuk bund gas #fyp  #msglow  #msglowbeauty  #essence  #rekomendasiessence  #kulitglowing  #kulitcerah  #kulitsehat  #rekomendasiskincare  #beforeafter  #challenge  ","#fyp , #msglow , #msglowbeauty , #essence , #rekomendasiessence , #kulitglowing , #kulitcerah , #kulitsehat , #rekomendasiskincare , #beforeafter , #challenge ",i dont know WHY 2024 Private mix - GREAT Alpha 🇮🇩,215,7,55,9
https://www.tiktok.com/@msglowbeauty/video/7475806932054330629,7475806932054330629,msglowbeauty,8708,https://p16-sign-sg.tiktokcdn.com/obj/tos-alisg-p-0037/ocIDFCZeAEmA3DMAEAAyEfEiUAwUnIAIXB1Rgz?lk3s=81f88b70&x-expires=1742040000&x-signature=yWu5lEMwJtV%2Bul5cxH2t2VoOBFw%3D&shp=81f88b70&shcp=-,2025-02-27,2025-03-13 20:24:29,2-27,"Emang ya mood itu literally penting banget, kalo kulit mood tuh kayak bawaannya enjoy gitu jalani harinya dan kayak cinfidence gitu... setuju gak bunds? #fyp  #msglow  #msglowbeauty  #goodmood  #goodmoodtiaphari  #kulitcerah  #nightcream  #skincare  #rajinskincarean  #skincareroutine  #trendingvideo  #trendskincare  #skincaretips  ","#fyp , #msglow , #msglowbeauty , #goodmood , #goodmoodtiaphari , #kulitcerah , #nightcream , #skincare , #rajinskincarean , #skincareroutine , #trendingvideo , #trendskincare , #skincaretips ",funny scene song(1294833) - K.Shiraki,417,5,10,4
https://www.tiktok.com/@msglowbeauty/video/7475720846426901815,7475720846426901815,msglowbeauty,9943,https://p16-sign-sg.tiktokcdn.com/obj/tos-alisg-p-0037/okAR1iBIKBzD4yCGAwACAiz4EflasVAiN6IAAA?lk3s=81f88b70&x-expires=1742040000&x-signature=kQHT4cymiwBv4YjkYhksS0IAC1c%3D&shp=81f88b70&shcp=-,2025-02-26,2025-03-13 20:25:00,2-26,Kenapasih harus rajin skincare-an nih nih nih guys dengerin minglow yaaa... pokoknyaaa jangan pernah males buat skincarean rutinin yaa bunds #fyp  #msglow  #msglowbeauty  #daycream  #nightcream  #skincare  #rajinskincarean  #skincareroutine  #skincareviral  #kulitcerah  #kulitsehat  #kulitglowing  #rekomendasiskincare  ,"#fyp , #msglow , #msglowbeauty , #daycream , #nightcream , #skincare , #rajinskincarean , #skincareroutine , #skincareviral , #kulitcerah , #kulitsehat , #kulitglowing , #rekomendasiskincare ",original sound  - msglow.beauty,221,3,60,10
https://www.tiktok.com/@msglowbeauty/video/7475697924312222983,7475697924312222983,msglowbeauty,102.4K,https://p16-sign-sg.tiktokcdn.com/obj/tos-alisg-p-0037/oseFIfCiADEC4AAAA4PSfFIjCMg7AQzNMefzqA?lk3s=81f88b70&x-expires=1742040000&x-signature=4V%2Fy2bfLsiYbTUsSYQvUI1SXIm0%3D&shp=81f88b70&shcp=-,2025-02-26,2025-03-13 20:25:31,2-26,absen siapa yang mau iphone 16 ? 🤭🩵 #glowprize   #msglowbeauty  ,"#glowprize , #msglowbeauty ",original sound  - msglow.beauty,4381,506,107,132
https://www.tiktok.com/@msglowbeauty/video/7475694808883809544,7475694808883809544,msglowbeauty,36.7K,https://p16-sign-sg.tiktokcdn.com/obj/tos-alisg-p-0037/oQJfnbHQAPM7AAahzSWeAgXMAggKAMee88fiwO?lk3s=81f88b70&x-expires=1742040000&x-signature=bB3Mlq%2FnWx52sA6gk8J4ANHA8Qk%3D&shp=81f88b70&shcp=-,2025-02-26,2025-03-13 20:26:02,2-26,Gak berenti-berentinya MSGLOW Beauty dapet piagam 😭🙏🏻🙏🏻 terima kasih beautiess ini semua juga berkat kalian 🥹🩵🩵 #MSGLOWBeauty  #MSGLOWBeauty  ,"#MSGLOWBeauty , #MSGLOWBeauty ",original sound  - msglow.beauty,742,61,39,32
https://www.tiktok.com/@msglowbeauty/video/7475694191088061703,7475694191088061703,msglowbeauty,1.7M,https://p16-sign-sg.tiktokcdn.com/obj/tos-alisg-p-0037/o8CAIAAgeLMDbhReSJLIACGLifAMesAgQMeLgg?lk3s=81f88b70&x-expires=1742040000&x-signature=52FTEwb0aPLCF7teqPS2plvnYfE%3D&shp=81f88b70&shcp=-,2025-02-26,2025-03-13 20:26:33,2-26,HAYO ABSEN SIAPA YANG UDAH SIAP BUAT GLOWPRIZE BATCH KEDUA? 😍#glowprize  #MSGLOWBeauty  ,"#glowprize , #MSGLOWBeauty ",original sound  - msglow.beauty,605,31,29,23
https://www.tiktok.com/@msglowbeauty/video/7475529866582953271,7475529866582953271,msglowbeauty,8701,https://p16-sign-va.tiktokcdn.com/obj/tos-maliva-p-0068/oEAwAfR2DBFnFAlEQeEamjItvCJQaCAQhCRXrA?lk3s=81f88b70&x-expires=1742040000&x-signature=pUXyUW%2BdhfOoisa%2BMXjMZr5htbQ%3D&shp=81f88b70&shcp=-,2025-02-26,2025-03-13 20:27:04,2-26,UV Cam test with our newly Sunwhite🤩🤩 siapaa yang udah penasaran mau cobain nih beautiess?? 🤭👀🤩🤩❤️ #MSGLOWBEAUTY  #msglow ,"#MSGLOWBEAUTY , #msglow ",original sound  - msglow.beauty,212,5,37,1
https://www.tiktok.com/@msglowbeauty/video/7475321645012552965,7475321645012552965,msglowbeauty,432.9K,"data:image/gif;base64,R0lGODlhAQABAIAAAAAAAP///yH5BAEAAAAALAAAAAABAAEAAAIBRAA7",2025-02-25,2025-03-13 20:27:35,2-25,"Aaaaaa buruan langsung checkout jangan ditunda lagi, jangan kebanyakan mikir, promo gak akan lama buruan checkout sekarang juga #fyp  #msglow  #msglowbeauty  #bestseller  #promoskincare  #tebusmurah  #funtasticpayday  #funtasticpaydaysale  #crazydeals  #payday  #paydaysale  #promohariini  #facialwash  #facewash  #facialcleanser  #cleanser  #diskon  #promoskincare  ","#fyp , #msglow , #msglowbeauty , #bestseller , #promoskincare , #tebusmurah , #funtasticpayday , #funtasticpaydaysale , #crazydeals , #payday , #paydaysale , #promohariini , #facialwash , #facewash , #facialcleanser , #cleanser , #diskon , #promoskincare ",DJ MENINA DO JOB JJ KANE BY Apri Rmx - Apri Remx,578,9,25,39
https://www.tiktok.com/@msglowbeauty/video/7475216960960204037,7475216960960204037,msglowbeauty,58.4K,"data:image/gif;base64,R0lGODlhAQABAIAAAAAAAP///yH5BAEAAAAALAAAAAABAAEAAAIBRAA7",2025-02-25,2025-03-13 20:28:06,2-25,Funtastic payday hari ini!!! Buruan go go go rebutan checkout hari ini guys mumpung crazy deals nih diskonnyaa bikin happy gas gas gas #fyp  #msglow  #msglowbeauty  #bestseller  #promoskincare  #tebusmurah  #funtasticpayday  #funtasticpaydaysale  #crazydeals  #payday  #paydaysale  #promohariini  #skincare  #rekomendasiskincare  ,"#fyp , #msglow , #msglowbeauty , #bestseller , #promoskincare , #tebusmurah , #funtasticpayday , #funtasticpaydaysale , #crazydeals , #payday , #paydaysale , #promohariini , #skincare , #rekomendasiskincare ",suara asli - i'mZe - GAKPERLUTAU,343,4,4,9
https://www.tiktok.com/@msglowbeauty/video/7475209850008423681,7475209850008423681,msglowbeauty,5358,"data:image/gif;base64,R0lGODlhAQABAIAAAAAAAP///yH5BAEAAAAALAAAAAABAAEAAAIBRAA7",2025-02-25,2025-03-13 20:28:39,2-25,Kalau para beauties disini mending ga pake skincare atau ga pake makeup ?? Yuk tulis di kolom komentar 🙌🏻   #MSGlow  #MSGlowBeauty  #RansCarnival  #RansCarnivalMalang  #Malang  ,"#MSGlow , #MSGlowBeauty , #RansCarnival , #RansCarnivalMalang , #Malang ",original sound  - msglow.beauty,282,6,1,4
https://www.tiktok.com/@msglowbeauty/video/7475209514774465810,7475209514774465810,msglowbeauty,7012,"data:image/gif;base64,R0lGODlhAQABAIAAAAAAAP///yH5BAEAAAAALAAAAAABAAEAAAIBRAA7",2025-02-25,2025-03-13 20:29:10,2-25,Waaahhh auto cerah dalam 7 harii cuman pakee maxi royal-c elixir nihhh beautiess🤩💛 #MSGLOWBEAUTY  #SkinBoosterRevolution  ,"#MSGLOWBEAUTY , #SkinBoosterRevolution ",suara asli  - msglow.beauty,349,1,34,7
https://www.tiktok.com/@msglowbeauty/video/7475170925055347973,7475170925055347973,msglowbeauty,70.7K,"data:image/gif;base64,R0lGODlhAQABAIAAAAAAAP///yH5BAEAAAAALAAAAAABAAEAAAIBRAA7",2025-02-25,2025-03-13 20:29:41,2-25,Yaampuuunn yakali beautiesku ini gak buruan checkout sekarang...diskonnya gak main-main loh aaaa buruan buruan buruan #fyp  #msglow  #msglowbeauty  #bestseller  #kulitglowing  #kulitcerah  #facialwash  #facialwashviral  #myroutine  #funtasticpayday  #funtasticpaydaysale  #payday  #paydaysale  #paydaysave  #bantingharga  #crazydeals  ,"#fyp , #msglow , #msglowbeauty , #bestseller , #kulitglowing , #kulitcerah , #facialwash , #facialwashviral , #myroutine , #funtasticpayday , #funtasticpaydaysale , #payday , #paydaysale , #paydaysave , #bantingharga , #crazydeals ",next door jedag jedug - Zachz Winner,90,0,6,9
https://www.tiktok.com/@msglowbeauty/video/7474936671281220870,7474936671281220870,msglowbeauty,8351,https://p16-sign-sg.tiktokcdn.com/obj/tos-alisg-p-0037/ogDwUEHIDzFQACBGgEfAAcAAXFbrAnBEcfARUA?lk3s=81f88b70&x-expires=1742040000&x-signature=vSIRifTdUgWjccgEP2E1gLESpQE%3D&shp=81f88b70&shcp=-,2025-02-24,2025-03-13 20:30:12,2-24,Cuma dikasih waktu 10 menit buat glowing??? Santai bos ini nih gak nyampe 10 menit sih xixixii... minglow cinta bat deh pokoknyaa ama ini sunwhite #fyp  #msglow  #msglowbeauty  #bestseller  #kulitglowing  #kulitcerah  #bantingharga  #myroutine  #spf50pa➕➕➕➕  #satset  #nodrama  #gakpakeklama  ,"#fyp , #msglow , #msglowbeauty , #bestseller , #kulitglowing , #kulitcerah , #bantingharga , #myroutine , #spf50pa➕➕➕➕ , #satset , #nodrama , #gakpakeklama ",original sound  - msglow.beauty,30,0,10,7
https://www.tiktok.com/@msglowbeauty/video/7474837718250573074,7474837718250573074,msglowbeauty,79.8K,https://p16-sign-sg.tiktokcdn.com/obj/tos-alisg-p-0037/okCtRAB9uCffqATo73EFQOpiAcxiEEnHBIgAV4?lk3s=81f88b70&x-expires=1742040000&x-signature=RKl1p7xWfQD3erkiXAAhiVKfxjs%3D&shp=81f88b70&shcp=-,2025-02-24,2025-03-13 20:30:43,2-24,Siapaa yang udah gak sabar buat undian glowprize? 🤗 jangan lupa pantengin live streaming di instagram @msglowbeauty yaaa #glowprize  #MSGLOWBeauty  ,"#glowprize , #MSGLOWBeauty ",original sound  - msglow.beauty,582,36,7,10
https://www.tiktok.com/@msglowbeauty/video/7474626103160605959,7474626103160605959,msglowbeauty,9214,https://p16-sign-sg.tiktokcdn.com/obj/tos-alisg-p-0037/ogAHBAyWGIDHIAjjAeLAogj5fEejPADEIQAvIg?lk3s=81f88b70&x-expires=1742040000&x-signature=ziI5hS05p1fdhLxLwahuVSZfAXc%3D&shp=81f88b70&shcp=-,2025-02-23,2025-03-13 20:31:14,2-23,fomooo banget sama produk-produk terbaru nya MSGLOW yaaa gaaa sihh beauties😂😂😂 #MSGLOWBEAUTY  #msglow  ,"#MSGLOWBEAUTY , #msglow ",original sound  - msglow.beauty,279,2,25,9
https://www.tiktok.com/@msglowbeauty/video/7474625776923495688,7474625776923495688,msglowbeauty,8993,https://p16-sign-sg.tiktokcdn.com/obj/tos-alisg-p-0037/oYDA0AszIEEhrPztAYZiBABlIiiaAA8JiABAE?lk3s=81f88b70&x-expires=1742040000&x-signature=FvbfYVNNDomkmBNhXwczmuJLIfs%3D&shp=81f88b70&shcp=-,2025-02-23,2025-03-13 20:31:46,2-23,nabung di investasi kulit aja deeehhhh pake produk dari MSGLOW🤭🫣🫣😂❤️ #MSGLOWBEAUTY  #msglow  ,"#MSGLOWBEAUTY , #msglow ",original sound  - msglow.beauty,342,10,12,8
https://www.tiktok.com/@msglowbeauty/video/7474612050950376711,7474612050950376711,msglowbeauty,6104,https://p16-sign-sg.tiktokcdn.com/obj/tos-alisg-p-0037/oo7Tw3BAAIzAiC5QtKfBI4HNA4j9KZCmAiAzGE?lk3s=81f88b70&x-expires=1742040000&x-signature=YdyJ6F3Qu45PFe%2B%2BBuiFtIkCDHk%3D&shp=81f88b70&shcp=-,2025-02-23,2025-03-13 20:32:17,2-23,salfok sama produk2 barunya MSGLOW yang dibawa 🤫🥰🩵 hmmmm ada yang mau coba? Komen ya yang mana #MSGLOWBeauty  #eliteglowbal  #glowtospain  ,"#MSGLOWBeauty , #eliteglowbal , #glowtospain ",original sound  - msglow.beauty,351,0,Share,2
https://www.tiktok.com/@msglowbeauty/video/7474548998221679878,7474548998221679878,msglowbeauty,6678,https://p16-sign-sg.tiktokcdn.com/obj/tos-alisg-p-0037/oUAilJLkAtBE8B0YiABbtZA7DEIYrJEvAAASu?lk3s=81f88b70&x-expires=1742040000&x-signature=uNpE5%2BAGDilxldnsA4U1cdH1m30%3D&shp=81f88b70&shcp=-,2025-02-23,2025-03-13 20:32:48,2-23,My weekend with my bb premium... kulit glowing dan udah ada spf nya jadi protect kulit kamu dari sinay uva dan uvb... yang belum juga checkout bb ini buruan deh sekarang #fyp  #msglow  #msglowbeauty  #bbcream  #whitebbpremium  #bestseller  #myroutine  #myweekend  #weekend  #weekendfun  #kulitglowing  #kulitcerah  #protection  #skincareviral  #healthyskin  #happyme  #happyskin  ,"#fyp , #msglow , #msglowbeauty , #bbcream , #whitebbpremium , #bestseller , #myroutine , #myweekend , #weekend , #weekendfun , #kulitglowing , #kulitcerah , #protection , #skincareviral , #healthyskin , #happyme , #happyskin ",suara asli - ARS411 - ARS Osaka.☠,307,0,6,1
https://www.tiktok.com/@msglowbeauty/video/7474530514561469704,7474530514561469704,msglowbeauty,142.3K,https://p16-sign-sg.tiktokcdn.com/obj/tos-alisg-p-0037/o4bYsECBPAAAWm65AZkAXEOlpA7Bii7xI4BVk?lk3s=81f88b70&x-expires=1742040000&x-signature=CKeyk2cY8adjiDMk2LY3rvG7BC8%3D&shp=81f88b70&shcp=-,2025-02-23,2025-03-13 20:47:53,2-23,"Siapa nih yang udah nunggu-nunggu pengumuman glowprize batch 1 , Glowprize akan di undi pada 25 FEBRUARI 2025 🩵✨ #glowprize  ",#glowprize ,original sound  - msglow.beauty,2838,161,27,88
https://www.tiktok.com/@msglowbeauty/video/7474487902374874385,7474487902374874385,msglowbeauty,5316,"data:image/gif;base64,R0lGODlhAQABAIAAAAAAAP///yH5BAEAAAAALAAAAAABAAEAAAIBRAA7",2025-02-23,2025-03-13 20:48:26,2-23,Challenge beauties tebak harga elixir 🙌🏻  Yuk jangan lupa ke Rans Carnival Kota Malang 21-23 Feb karena MSGlow banyak promo & aktifitas menarik ✨  #MSGlow  #MSGlowBeauty  #ranscarnival  #ranscarnivalmalang  #malang  ,"#MSGlow , #MSGlowBeauty , #ranscarnival , #ranscarnivalmalang , #malang ",suara asli  - msglow.beauty,177,2,2,6
https://www.tiktok.com/@msglowbeauty/video/7474479999236525313,7474479999236525313,msglowbeauty,5008,"data:image/gif;base64,R0lGODlhAQABAIAAAAAAAP///yH5BAEAAAAALAAAAAABAAEAAAIBRAA7",2025-02-23,2025-03-13 20:48:57,2-23,Keren keren banget beauties di Malang ini 🤩🙌🏻  Yuk jangan lupa ke Rans Carnival Kota Malang 21-23 Feb karena MSGlow banyak promo & aktifitas menarik ✨  #MSGlow  #MSGlowBeauty  #ranscarnival  #ranscarnivalmalang  #malang  ,"#MSGlow , #MSGlowBeauty , #ranscarnival , #ranscarnivalmalang , #malang ",original sound  - msglow.beauty,365,3,2,4
https://www.tiktok.com/@msglowbeauty/video/7474225589872790789,7474225589872790789,msglowbeauty,58.6K,"data:image/gif;base64,R0lGODlhAQABAIAAAAAAAP///yH5BAEAAAAALAAAAAABAAEAAAIBRAA7",2025-02-22,2025-03-13 20:49:28,2-22,"Facial wash lama sama yang baru sama semua ya bun, cuma di packagingnya aja yang beda... yang masih pada bingung gas checkout sekarang aja, udah tenang kan ya hehehehe #fyp  #msglow  #facialwash  #facewash  #msglowbeauty  #myroutine  #sabuncucimuka  #sabunmuka  #rekomendasifacialwash  #newpackaging  #bestseller  #bestselling  #dailyroutine  #review  ","#fyp , #msglow , #facialwash , #facewash , #msglowbeauty , #myroutine , #sabuncucimuka , #sabunmuka , #rekomendasifacialwash , #newpackaging , #bestseller , #bestselling , #dailyroutine , #review ",original sound  - msglow.beauty,599,29,141,64
https://www.tiktok.com/@msglowbeauty/video/7474163797150731525,7474163797150731525,msglowbeauty,113.6K,"data:image/gif;base64,R0lGODlhAQABAIAAAAAAAP///yH5BAEAAAAALAAAAAABAAEAAAIBRAA7",2025-02-22,2025-03-13 20:49:59,2-22,"Payday bund diskon bund!!! Kalo kulit kamu kayak gini, kamu butuh ini guys, tonton videonyaaa deh dan langsung gas checkout mumpung promo todayyy #msglow  #fyp  #msglowbeauty  #payday  #paydaysale  #paydaysave  #promo  #bantingharga  #myroutine  #whiteningdaycream  #kontenviral  #skincareroutine  #spf30pa➕➕➕  #trendskincare  #trendingvideo  ","#msglow , #fyp , #msglowbeauty , #payday , #paydaysale , #paydaysave , #promo , #bantingharga , #myroutine , #whiteningdaycream , #kontenviral , #skincareroutine , #spf30pa➕➕➕ , #trendskincare , #trendingvideo ",original sound - ᶜ ʰ ˡ ˡ ˣ ᵉ ᵈ ⁱ ᵗ ˢ - chllxedits,546,4,36,21
https://www.tiktok.com/@msglowbeauty/video/7474131240585596176,7474131240585596176,msglowbeauty,4851,"data:image/gif;base64,R0lGODlhAQABAIAAAAAAAP///yH5BAEAAAAALAAAAAABAAEAAAIBRAA7",2025-02-22,2025-03-13 20:50:30,2-22,Minglow lagi ada di Rans Carnival Of course kamu bisa cari produk MSGlow Beauty loh!!!✨  #MSGlow  #MSGlowBeauty  #RansCarnival  #RansCarnivalMalang  #Malang  ,"#MSGlow , #MSGlowBeauty , #RansCarnival , #RansCarnivalMalang , #Malang ",suara asli  - msglow.beauty,236,0,1,3
https://www.tiktok.com/@msglowbeauty/video/7474126453936885008,7474126453936885008,msglowbeauty,7163,"data:image/gif;base64,R0lGODlhAQABAIAAAAAAAP///yH5BAEAAAAALAAAAAABAAEAAAIBRAA7",2025-02-22,2025-03-13 20:51:01,2-22,Ikan hiu melayang layang MsGlow ada di rans carnival kota Malang nih sayang 😝  Yukk beauties merapat ke booth MSGlow yahhh ✨🙌🏻  #MSGlow  #MSGlowBeauty  #ranscarnival  #ranscarnivalmalang  #malang  ,"#MSGlow , #MSGlowBeauty , #ranscarnival , #ranscarnivalmalang , #malang ",original sound  - msglow.beauty,433,0,3,4
https://www.tiktok.com/@msglowbeauty/video/7474117997880266001,7474117997880266001,msglowbeauty,5507,"data:image/gif;base64,R0lGODlhAQABAIAAAAAAAP///yH5BAEAAAAALAAAAAABAAEAAAIBRAA7",2025-02-22,2025-03-13 20:51:32,2-22,Hayoo siapa nih yang menang challenge dari minglow di acara rans carnival kota Malang ??? 🥳  #MSGlowBeauty  #ranscarnivalmalang  #RansCarnival  #malang  ,"#MSGlowBeauty , #ranscarnivalmalang , #RansCarnival , #malang ",original sound  - msglow.beauty,282,0,2,2
https://www.tiktok.com/@msglowbeauty/video/7474115215626472712,7474115215626472712,msglowbeauty,14.2K,"data:image/gif;base64,R0lGODlhAQABAIAAAAAAAP///yH5BAEAAAAALAAAAAABAAEAAAIBRAA7",2025-02-22,2025-03-13 20:52:03,2-22,"Keep your skin healthy and glowing with UV Protection💫  Beauties, tahu ngga sih kalau efek dari paparan sinar UV emang ngga boleh disepelekan yah! Salah satu efeknya bisa mempercepat penuaan dini dan munculnya hiperpigmentasi pada kulit😱  Beauties ngga mau kan mengalami hal serupa? Mulai sekarang yuk jaga kulitmu dengan rajin menggunakan SUNWHITE setiap hari ☀️   ☀️Sunwhite 6-in-1 daily brightening & protection dengan SPF PA++++   🌞Sunwhite Ultimate 5-in-1 UV defense & skin soothing dengan SPF 50 PA++++  Dapatkan segera Sunwhite Series MSGLOW Beauty di seller resmi kami di kotamu, kunjungi msglowid.com   #MSGLOWBeauty ",#MSGLOWBeauty ,original sound  - msglow.beauty,216,2,37,12
https://www.tiktok.com/@msglowbeauty/video/7474072583273565446,7474072583273565446,msglowbeauty,34K,"data:image/gif;base64,R0lGODlhAQABAIAAAAAAAP///yH5BAEAAAAALAAAAAABAAEAAAIBRAA7",2025-02-22,2025-03-13 20:52:34,2-22,Paydayy promo hari ini guys!!! Jangan lupa klaim vouchersnya juga loh... buruan checkout sekaraaang #msglow  #fyp  #msglowbeauty  #payday  #paydaysale  #paydaysave  #promo  #diskontiktokshop  #whitecelldna  #retinolskincare  #retinol  ,"#msglow , #fyp , #msglowbeauty , #payday , #paydaysale , #paydaysave , #promo , #diskontiktokshop , #whitecelldna , #retinolskincare , #retinol ",original sound  - msglow.beauty,279,4,16,10
https://www.tiktok.com/@msglowbeauty/video/7473953118078897426,7473953118078897426,msglowbeauty,10.9K,https://p16-sign-sg.tiktokcdn.com/obj/tos-alisg-p-0037/o8LMswwYqnAIBiLCT7dDEyPilAyCBZZAA7AEA?lk3s=81f88b70&x-expires=1742040000&x-signature=QHSMZLc0sG3ylWxyl3bOIg2q6AE%3D&shp=81f88b70&shcp=-,2025-02-22,2025-03-13 20:53:05,2-22,Capek juga nih kulitnya glowing dan sehat semua badannya gara-gara White Forte Body Lotion 🥹🩵🩵 #eliteglowbal  #glowtospain  #whitefortebodydosting  ,"#eliteglowbal , #glowtospain , #whitefortebodydosting ",original sound  - msglow.beauty,353,1,1,4
https://www.tiktok.com/@msglowbeauty/video/7473934402670677249,7473934402670677249,msglowbeauty,4242,https://p16-sign-sg.tiktokcdn.com/obj/tos-alisg-p-0037/ogfzgvIDCaB4BAii9BiKnEAUAxAGIwByAQAK6A?lk3s=81f88b70&x-expires=1742040000&x-signature=wf%2BLrGmIhFSEZfVNKJsCKWf8Vo8%3D&shp=81f88b70&shcp=-,2025-02-22,2025-03-13 20:53:37,2-22,Hai beauties kalian bisa cari produk MSGlow Beauty di Rans Carnival Kota Malang 21-23 Februari 2025 ini loh!!! 🥳✨  Yuk datang sekarang juga beautiess!!! 🙌🏻,N/A,suara asli  - msglow.beauty,268,1,Share,5
https://www.tiktok.com/@msglowbeauty/video/7473929058741439752,7473929058741439752,msglowbeauty,18.1K,https://p16-sign-sg.tiktokcdn.com/obj/tos-alisg-p-0037/o4AFAYiXlATA5FBAilA8mBZd1BDAJIzPQEEQo?lk3s=81f88b70&x-expires=1742040000&x-signature=grSoW%2F6MYveKK1mbKA5ceje4jXM%3D&shp=81f88b70&shcp=-,2025-02-22,2025-03-13 20:54:08,2-22,White Forte Body Dosting nih rahasia badan glowing dan sehat 🩵 #eliteglowbal  #glowtospain  #whitefortebodydosting  ,"#eliteglowbal , #glowtospain , #whitefortebodydosting ",Shopping Time - Vin Music,328,3,3,7
https://www.tiktok.com/@msglowbeauty/video/7473719895901932808,7473719895901932808,msglowbeauty,12.9K,https://p16-sign-sg.tiktokcdn.com/obj/tos-alisg-p-0037/oEEAIzAr4DNiCmpKAAIAFywflJvw7iEBAcKBvE?lk3s=81f88b70&x-expires=1742040000&x-signature=xZdCA0fV3J1eo%2FA9PZnywRAqx%2Bc%3D&shp=81f88b70&shcp=-,2025-02-21,2025-03-13 20:54:39,2-21,Hayo tebak mana yang paling mahal? 😂    Fyi: jadi motivasi ya #eliteglowbal  #glowtospain  ,"#eliteglowbal , #glowtospain ",original sound  - msglow.beauty,126,8,3,4
https://www.tiktok.com/@msglowbeauty/video/7473719124380699911,7473719124380699911,msglowbeauty,21.5K,https://p16-sign-sg.tiktokcdn.com/obj/tos-alisg-p-0037/owye4J5IetMVhivvKBXQAbMdi3AMGIfgQe8Bgf?lk3s=81f88b70&x-expires=1742040000&x-signature=ofPwlxrSt2E%2FsmG9rDeoUV9hWCQ%3D&shp=81f88b70&shcp=-,2025-02-21,2025-03-13 20:55:10,2-21,EliteGlowbal MSGLOW bener bener ngebuktiin klo wanita itu hebat dan bisa mendapatkan apapun yang dia mau atas kerja kerasnya sendiri 🥹🩵 #eliteglowbal  #glowtospain  ,"#eliteglowbal , #glowtospain ",original sound  - msglow.beauty,460,54,2,8
https://www.tiktok.com/@msglowbeauty/video/7473381667093122311,7473381667093122311,msglowbeauty,15.4K,https://p16-sign-sg.tiktokcdn.com/obj/tos-alisg-p-0037/owtA3BEsSEDbRFgFjEINFE2BfyUBinIEyVI7f7?lk3s=81f88b70&x-expires=1742040000&x-signature=UtN6Yj1ab7UA7v%2FVpvBcHP4X%2BJg%3D&shp=81f88b70&shcp=-,2025-02-20,2025-03-13 20:55:41,2-20,Nah buat beauties yang masih bingung gimana cara penggunaan Whitening Daycream nihh minglow kasih tau caranyaa🤩🤩✨ #MSGLOWBEAUTY  #msglow  ,"#MSGLOWBEAUTY , #msglow ",original sound  - msglow.beauty,299,18,58,17
https://www.tiktok.com/@msglowbeauty/video/7473322241841777975,7473322241841777975,msglowbeauty,6038,https://p16-sign-va.tiktokcdn.com/obj/tos-maliva-p-0068/o46IEJEDYAfBl5JBknp2EmgIwHF3URAtfqBPhQ?lk3s=81f88b70&x-expires=1742040000&x-signature=I7%2BAopgZp%2FLOzk%2BMdBJwBIUKKGs%3D&shp=81f88b70&shcp=-,2025-02-20,2025-03-13 20:56:13,2-20,Perbedaan sunwhite daily cream sama whitening day cream apasih min??? Nih tonton sampe abis yaaa #msglow  #fyp  #msglowbeauty  #daycream  #myroutine  #comparison  #videotrending  #kulitcerah  #kulitglowing  #fypage  #viraltiktok  #kontenviral  #trendingtiktok  ,"#msglow , #fyp , #msglowbeauty , #daycream , #myroutine , #comparison , #videotrending , #kulitcerah , #kulitglowing , #fypage , #viraltiktok , #kontenviral , #trendingtiktok ",GOOD GRACES x BE MY BABY by Adamusic - Adam Wright,242,4,99,12
https://www.tiktok.com/@msglowbeauty/video/7473019914236857608,7473019914236857608,msglowbeauty,25.4K,https://p16-sign-sg.tiktokcdn.com/obj/tos-alisg-p-0037/oMifEgIGzeeMKjlBg9f1ieNIAXLSlMAq1VKspA?lk3s=81f88b70&x-expires=1742040000&x-signature=AaGKZgRc9N9bzXHgKSQ4DWM9UjA%3D&shp=81f88b70&shcp=-,2025-02-19,2025-03-13 20:56:44,2-19,Rayain seller MSGLOW Beauty di Madrid Spanyol 🥰✨ #eliteglowbal  #glowtospain  #nagitaslavina  ,"#eliteglowbal , #glowtospain , #nagitaslavina ",original sound  - msglow.beauty,790,21,3,28
https://www.tiktok.com/@msglowbeauty/video/7472951042238336311,7472951042238336311,msglowbeauty,4955,https://p16-sign-va.tiktokcdn.com/obj/tos-maliva-p-0068/oEpeaHIWPAyfBMSZAELF1QIGfefdjWQIKiJG1I?lk3s=81f88b70&x-expires=1742040000&x-signature=3eqoHStDag3It%2FoReOIewANz%2F4c%3D&shp=81f88b70&shcp=-,2025-02-19,2025-03-13 20:57:15,2-19,Ternyata kakak-kakak yang kulitnya glowing itu aku sekarang...xixixi bener-bener bersyukur punya kulit kayak gini #msglow  #fyp  #msglowbeauty  #fypage  #skincare  #ternyata  #trending  #trendingtiktok  #trendingnow  #trendtiktok  #glowing  #kulitcerah  #kulitglowing  #skincareviral  #kontenviral  #viraltiktok  ,"#msglow , #fyp , #msglowbeauty , #fypage , #skincare , #ternyata , #trending , #trendingtiktok , #trendingnow , #trendtiktok , #glowing , #kulitcerah , #kulitglowing , #skincareviral , #kontenviral , #viraltiktok ",Dj Komang Perayaan Mati Rasa - DjKomangRimex,27,2,44,16
https://www.tiktok.com/@msglowbeauty/video/7472785760316394758,7472785760316394758,msglowbeauty,20.6K,"data:image/gif;base64,R0lGODlhAQABAIAAAAAAAP///yH5BAEAAAAALAAAAAABAAEAAAIBRAA7",2025-02-18,2025-03-13 20:57:46,2-18,Nahloh siapa yang belum skincarean night cream hari ini??? Jangan bobo dulu hayuk gas ambil night cream dan pakai yuukkss #msglow  #fyp  #msglowbeauty  #fypage  #skincare  #beauty  #nightroutine  #skincareroutine  #nightcream  #skincare  #glowing  #kulitcerah  #kulitglowing  #skincareviral  #viraltiktok  ,"#msglow , #fyp , #msglowbeauty , #fypage , #skincare , #beauty , #nightroutine , #skincareroutine , #nightcream , #skincare , #glowing , #kulitcerah , #kulitglowing , #skincareviral , #viraltiktok ",N/A,450,6,54,18
https://www.tiktok.com/@msglowbeauty/video/7472758501178100999,7472758501178100999,msglowbeauty,78.7K,"data:image/gif;base64,R0lGODlhAQABAIAAAAAAAP///yH5BAEAAAAALAAAAAABAAEAAAIBRAA7",2025-02-18,2025-03-13 21:00:04,2-18,Surprise Birthday Kak Gigi (BA MSGLOW) di Spanyol 🇪🇸❤️ #eliteglowbal  #glowtospain  #nagitaslavina  ,"#eliteglowbal , #glowtospain , #nagitaslavina ",original sound  - msglow.beauty,2868,43,12,90
https://www.tiktok.com/@msglowbeauty/video/7472335714051427592,7472335714051427592,msglowbeauty,62.5K,"data:image/gif;base64,R0lGODlhAQABAIAAAAAAAP///yH5BAEAAAAALAAAAAABAAEAAAIBRAA7",2025-02-17,2025-03-13 21:00:37,2-17,Moment2 romantis di kota spanyol 🥰🩵 #eliteglowbal  #glowtospain  ,"#eliteglowbal , #glowtospain ",original sound  - msglow.beauty,429,5,2,5
https://www.tiktok.com/@msglowbeauty/video/7472333083988036871,7472333083988036871,msglowbeauty,113.3K,"data:image/gif;base64,R0lGODlhAQABAIAAAAAAAP///yH5BAEAAAAALAAAAAABAAEAAAIBRAA7",2025-02-17,2025-03-13 21:01:08,2-17,wahhh kandungan dari BODY SERIES MSGLOW BEAUTY menarik banget yah beauty🤩🤩🤩 #MSGLOWBEAUTY  #msglow  ,"#MSGLOWBEAUTY , #msglow ",Milk Tea - Official Sound Studio,554,28,122,57
https://www.tiktok.com/@msglowbeauty/video/7472332139325902088,7472332139325902088,msglowbeauty,132.6K,"data:image/gif;base64,R0lGODlhAQABAIAAAAAAAP///yH5BAEAAAAALAAAAAABAAEAAAIBRAA7",2025-02-17,2025-03-13 21:01:40,2-17,kalau skincarean kadang suka lupa waktu ya gak sih beautieesss??? 👀😂😂😂🤭 #MSGLOWBEAUTY  #msglow  ,"#MSGLOWBEAUTY , #msglow ",Milk Tea - Official Sound Studio,369,0,9,7
https://www.tiktok.com/@msglowbeauty/video/7472321029767957815,7472321029767957815,msglowbeauty,6319,"data:image/gif;base64,R0lGODlhAQABAIAAAAAAAP///yH5BAEAAAAALAAAAAABAAEAAAIBRAA7",2025-02-17,2025-03-13 21:02:11,2-17,Gini nih kalo namanya woman... girls being girls yekaannn... dikit-dikit checkout apalagi skincare yang ini nih xixixii... kamu gini juga gak guys??? #msglow  #fyp  #msglowbeauty  #fypage  #skincare  #skincarecheck  #skincareroutine  #myroutine  #kontenviral  #viraltiktok  #skincareviral  #msglowviral  #skincaretiktok  #rekomendasiskincare  ,"#msglow , #fyp , #msglowbeauty , #fypage , #skincare , #skincarecheck , #skincareroutine , #myroutine , #kontenviral , #viraltiktok , #skincareviral , #msglowviral , #skincaretiktok , #rekomendasiskincare ",original sound  - audy ☆,331,1,35,5
https://www.tiktok.com/@msglowbeauty/video/7472303240974191879,7472303240974191879,msglowbeauty,9129,"data:image/gif;base64,R0lGODlhAQABAIAAAAAAAP///yH5BAEAAAAALAAAAAABAAEAAAIBRAA7",2025-02-17,2025-03-13 21:02:41,2-17,Siapa nih yang punya temen kayak gini juga? 😂🩵 #eliteglowbal  #glowtospain  #whitefortemsglow  ,"#eliteglowbal , #glowtospain , #whitefortemsglow ",original sound  - msglow.beauty,408,8,4,2
https://www.tiktok.com/@msglowbeauty/video/7472302068712213767,7472302068712213767,msglowbeauty,70.8K,https://p16-sign-sg.tiktokcdn.com/obj/tos-alisg-p-0037/oUuUIAIGfJeM9fMD8eeyicEQywLkhMAyJZKN3A?lk3s=81f88b70&x-expires=1742040000&x-signature=oJteKZvq1amQT3FlkN2M3DC3CTI%3D&shp=81f88b70&shcp=-,2025-02-17,2025-03-13 21:03:12,2-17,Siapa yang udah gak sabar buat coba Body Lotion dan Body Dosting MSGLOW? Yang pasti aman dan terpercaya 🥰🩵🩵#eliteglowbal  #glowtospain  ,"#eliteglowbal , #glowtospain ",original sound  - msglow.beauty,509,9,2,6
https://www.tiktok.com/@msglowbeauty/video/7472113396175998215,7472113396175998215,msglowbeauty,80.2K,https://p16-sign-sg.tiktokcdn.com/obj/tos-alisg-p-0037/o8ADo8PrAjjKItXILIAFeIQGkA6oZABE4xe9yf?lk3s=81f88b70&x-expires=1742040000&x-signature=6hCM7WAzWfj6eJrxqfYMBGBU%2FIU%3D&shp=81f88b70&shcp=-,2025-02-17,2025-03-13 21:03:43,2-17,"Tidak perlu banyak bicara, biarkan hasil jerih payah yang menunjukan hasilnya ❤️✨ #eliteglowbal  #glowtospain  #lucintaluna  ","#eliteglowbal , #glowtospain , #lucintaluna ",original sound  - msglow.beauty,557,10,13,11
https://www.tiktok.com/@msglowbeauty/video/7472054472676642055,7472054472676642055,msglowbeauty,1.2M,https://p16-sign-sg.tiktokcdn.com/obj/tos-alisg-p-0037/owLQIunIILAoUZKAgjfGoN38CTRLNdPIvD6eCf?lk3s=81f88b70&x-expires=1742040000&x-signature=mgkmpHQqPvsF9NJNcTRyuXKOlmQ%3D&shp=81f88b70&shcp=-,2025-02-16,2025-03-13 21:04:14,2-16,"Yaampun kak luna ini ya ada-ada aja kelakuaannya, next kita challenges apa lagi ya ka luna? Komen dibawah #glowtospain  #eliteglowbal  #lucintalunamanjalita  #lucintaluna  ","#glowtospain , #eliteglowbal , #lucintalunamanjalita , #lucintaluna ",original sound  - msglow.beauty,13.9K,195,356,622
https://www.tiktok.com/@msglowbeauty/video/7472049605237050631,7472049605237050631,msglowbeauty,68.7K,https://p16-sign-sg.tiktokcdn.com/obj/tos-alisg-p-0037/oED7yYVpZY1KIklYAAXAACEiEiONivBEBAxiI?lk3s=81f88b70&x-expires=1742040000&x-signature=ovEm67nNghdbhEBFd3eopjdNALs%3D&shp=81f88b70&shcp=-,2025-02-16,2025-03-13 21:04:45,2-16,Bener bener bersyukur banget ❤️✨ terima kasih banyak buat Bapak Ibu founder tersayang kita ❤️ #glowtospain  #eliteglowbal  #lifeatmsglow  ,"#glowtospain , #eliteglowbal , #lifeatmsglow ",original sound  - msglow.beauty,285,10,6,9
https://www.tiktok.com/@msglowbeauty/video/7471806695707020551,7471806695707020551,msglowbeauty,148.6K,https://p16-sign-sg.tiktokcdn.com/obj/tos-alisg-p-0037/owxYk4CERQTAJUcfqmIF58DneUUFEBzTBgVBMs?lk3s=81f88b70&x-expires=1742040000&x-signature=AUNbKMEE%2FeVYsQnyQCXW7Ligdes%3D&shp=81f88b70&shcp=-,2025-02-16,2025-03-13 21:05:17,2-16,Gakpapa yang penting punya seller2 udah kayak keluarga sendiri ❤️ #glowtospain  #eliteglowbal  ,"#glowtospain , #eliteglowbal ",original sound  - msglow.beauty,1237,17,8,24
https://www.tiktok.com/@msglowbeauty/video/7471806695417728274,7471806695417728274,msglowbeauty,532.2K,https://p16-sign-sg.tiktokcdn.com/obj/tos-alisg-p-0037/okxpKxAETuEdspKnApBIRM2FUfCztWEUBDiBge?lk3s=81f88b70&x-expires=1742040000&x-signature=EAZ0%2FdtRQyDgdVe4ikGI26T9p%2FA%3D&shp=81f88b70&shcp=-,2025-02-16,2025-03-13 21:05:49,2-16,"Ngerayain ultah seller di Spanyol 🇪🇸, kerasa banget kehangatannya sampe sini 🥹❤️ #glowtospain  #eliteglowbal  ","#glowtospain , #eliteglowbal ",original sound  - msglow.beauty,4151,53,30,203
https://www.tiktok.com/@msglowbeauty/video/7471628465456827656,7471628465456827656,msglowbeauty,187K,https://p16-sign-sg.tiktokcdn.com/obj/tos-alisg-p-0037/ocidZfIAgKALsIjHFfMJewe5AnGGMSAQmAPe2h?lk3s=81f88b70&x-expires=1742040000&x-signature=2mV4O31DtV2HVPeMTADuOQHStU0%3D&shp=81f88b70&shcp=-,2025-02-15,2025-03-13 21:06:20,2-15,Petjah banget emang kalau sama ka lucinta luna ✨😂 #lucintaluna  #glowtospain  ,"#lucintaluna , #glowtospain ",original sound  - msglow.beauty,2518,46,61,106
https://www.tiktok.com/@msglowbeauty/video/7471496129671073032,7471496129671073032,msglowbeauty,362K,https://p16-sign-sg.tiktokcdn.com/obj/tos-alisg-p-0037/occwqCoGPCFfowlLIetCpAILIDjweYzADjQi6p?lk3s=81f88b70&x-expires=1742040000&x-signature=7fJ3TVeaqFHyt8T0ZfwJWgsfptQ%3D&shp=81f88b70&shcp=-,2025-02-15,2025-03-13 21:06:51,2-15,Ini dia keseruan EliteGlowbal di Barcelona Day 1 ❤️🇪🇸 #eliteglowbal  #glowtospain  #barcelona  ,"#eliteglowbal , #glowtospain , #barcelona ",original sound  - msglow.beauty,3761,65,35,116
https://www.tiktok.com/@msglowbeauty/video/7471479881533099282,7471479881533099282,msglowbeauty,116.3K,https://p16-sign-sg.tiktokcdn.com/obj/tos-alisg-p-0037/o4ZqB8VAEbLnY7ZEHwPAwBl2FiHAXiBBu0UIH?lk3s=81f88b70&x-expires=1742040000&x-signature=sCYWPW58TykQ4Adu46EJ2BxGcg4%3D&shp=81f88b70&shcp=-,2025-02-15,2025-03-13 21:07:22,2-15,Tungguin keseruaaan MSGLOW team di spaainn!! 🤩🤩 #MSGLOWBEAUTY  ,#MSGLOWBEAUTY ,Milk Tea - Official Sound Studio,724,17,5,30
https://www.tiktok.com/@msglowbeauty/video/7471373859476802824,7471373859476802824,msglowbeauty,143.2K,https://p16-sign-sg.tiktokcdn.com/obj/tos-alisg-p-0037/oQ2XGeM7IIKoQvpLHCPALCfvIoj0AbXieDcg43?lk3s=81f88b70&x-expires=1742040000&x-signature=TXXfmJ%2BqJcGnUamoTyOoHOdBktU%3D&shp=81f88b70&shcp=-,2025-02-15,2025-03-13 21:07:52,2-15,Gak dimana2 ka keanu @Keanuagl  emang suka marah2 yaa tapi gemesh banget 😂❤️🇪🇸 #eliteglowbal  #glowtospain  #barcelona  ,"#eliteglowbal , #glowtospain , #barcelona ",original sound  - msglow.beauty,3557,45,11,69
https://www.tiktok.com/@msglowbeauty/video/7471366168356457746,7471366168356457746,msglowbeauty,77.1K,https://p16-sign-sg.tiktokcdn.com/obj/tos-alisg-p-0037/owfrQAL2A4g7F2EfMAGAgfvuMreAPSKiAnIJeq?lk3s=81f88b70&x-expires=1742040000&x-signature=bUhVorB9FCwRk6MMKJ%2BNnb79GtU%3D&shp=81f88b70&shcp=-,2025-02-15,2025-03-13 21:08:24,2-15,Makan malam hari pertama di Barcelona 🇪🇸❤️ gak sabar nunggu keseruan EliteGlowbal besok 🇪🇸 #eliteglowbal  #glowtospain  #barcelona  ,"#eliteglowbal , #glowtospain , #barcelona ",A Kiss from Spain - Michael Pearse,460,4,6,4
https://www.tiktok.com/@msglowbeauty/video/7471344063015308599,7471344063015308599,msglowbeauty,5239,"data:image/gif;base64,R0lGODlhAQABAIAAAAAAAP///yH5BAEAAAAALAAAAAABAAEAAAIBRAA7",2025-02-15,2025-03-13 21:08:55,2-15,Niiihh masih ada promo spesial hari valentines loh beautiess!!! yukkk nikmatin promo nyaaa😍😍😍😍💖💖💖 #MSGLOWBEAUTY  ,#MSGLOWBEAUTY ,Milk Tea - Official Sound Studio,346,0,12,5
https://www.tiktok.com/@msglowbeauty/video/7471344038659083575,7471344038659083575,msglowbeauty,51K,"data:image/gif;base64,R0lGODlhAQABAIAAAAAAAP///yH5BAEAAAAALAAAAAABAAEAAAIBRAA7",2025-02-15,2025-03-13 21:09:26,2-15,Happy Valentines Day beauties🤩💖 minglow bagi bagi hadiah gratis nihhh spesial di hari valentines! siapa yaang mauu komen dibawah yah🤔🤭🤩 #MSGLOWBEAUTY  ,#MSGLOWBEAUTY ,original sound  - msglow.beauty,392,4,3,3
https://www.tiktok.com/@msglowbeauty/video/7471341948893187336,7471341948893187336,msglowbeauty,92.7K,"data:image/gif;base64,R0lGODlhAQABAIAAAAAAAP///yH5BAEAAAAALAAAAAABAAEAAAIBRAA7",2025-02-15,2025-03-13 21:09:57,2-15,"Gak cuman jualan doang, tapi kita juga dapet jalan2 keliling dunia setiap tahun gratis loh #eliteglowbal  #glowtospain  ","#eliteglowbal , #glowtospain ",original sound  - msglow.beauty,478,16,7,7
https://www.tiktok.com/@msglowbeauty/video/7471341583246429448,7471341583246429448,msglowbeauty,70.4K,"data:image/gif;base64,R0lGODlhAQABAIAAAAAAAP///yH5BAEAAAAALAAAAAABAAEAAAIBRAA7",2025-02-15,2025-03-13 21:11:19,2-15,"Jangan ngaku fans Barcelona kalau belum ke Barcelona langsung, bener2 seru banget Seller MSGLOW jalan2 Keliling Barcelona ❤️ #barcelona  #glowtospain  ","#barcelona , #glowtospain ",original sound  - msglow.beauty,73,1,4,1
https://www.tiktok.com/@msglowbeauty/video/7471270659977497861,7471270659977497861,msglowbeauty,6165,"data:image/gif;base64,R0lGODlhAQABAIAAAAAAAP///yH5BAEAAAAALAAAAAABAAEAAAIBRAA7",2025-02-14,2025-03-13 21:11:52,2-14,"Udah tahun 2025, tapi masih belum juga pakai perling serum satu ini... buruan checkout sekarang juga di keranjang kuning gas gas gas #msglow  #msglowbeauty  #fyp  #fypage  #peeling  #peelingserum  #eksfoliasi  #exfoliation  #skincare  #kontenviral  #ugc  #ugcexample  #produkviral  #aesthetic  #launching  ","#msglow , #msglowbeauty , #fyp , #fypage , #peeling , #peelingserum , #eksfoliasi , #exfoliation , #skincare , #kontenviral , #ugc , #ugcexample , #produkviral , #aesthetic , #launching ",original sound  - msglow.beauty,340,0,36,4
https://www.tiktok.com/@msglowbeauty/video/7471204627086642450,7471204627086642450,msglowbeauty,64.9K,https://p16-sign-sg.tiktokcdn.com/obj/tos-alisg-p-0037/o8WlnvMghQUnRcfDhGPIeMhCXAf6otQ8AA1WKj?lk3s=81f88b70&x-expires=1742040000&x-signature=rc71sZtodZlELWEJ4vsYVMSmUZQ%3D&shp=81f88b70&shcp=-,2025-02-14,2025-03-13 21:12:23,2-14,Nantikan keseruan EliteGlowbal Glow to Spain 🇪🇸🥰✨,N/A,original sound  - msglow.beauty,382,1,5,2
https://www.tiktok.com/@msglowbeauty/video/7470906186032745746,7470906186032745746,msglowbeauty,46.2K,https://p16-sign-sg.tiktokcdn.com/obj/tos-alisg-p-0037/ook1IoECJDAZfxnyFfFnDjPC9I6A1C7WQOfdbE?lk3s=81f88b70&x-expires=1742040000&x-signature=XmhRWESGsaiarlLsG%2F8FeX1UUf0%3D&shp=81f88b70&shcp=-,2025-02-13,2025-03-13 21:12:54,2-13,Hari Valentine sebentar lagi nih beauties!! spesial hari valentine minglow punya promo nihh buat kaliann😍😍 yuk yang masih bingung mau beliin pacarnya hadiah apa untuk valentine langsung aja CO!! 😍❤️❤️❤️ #MSGLOWBEAUTY  #msglow  ,"#MSGLOWBEAUTY , #msglow ",original sound  - msglow.beauty,317,7,5,1
https://www.tiktok.com/@msglowbeauty/video/7470825623225715986,7470825623225715986,msglowbeauty,56.1K,https://p16-sign-sg.tiktokcdn.com/obj/tos-alisg-p-0037/oMN8IDALngfNVjLAnTIWohg2bAahGeeCoNOPhb?lk3s=81f88b70&x-expires=1742040000&x-signature=1lcCdqwrX%2BLAHIVmnQWlBU1ALRw%3D&shp=81f88b70&shcp=-,2025-02-13,2025-03-13 21:13:25,2-13,Yuk tebak di kolom komentar kira-kira harga produk terbaru MSGLOW berapa yah? 🤔🤔 #MSGLOWBEAUTY  #msglow  ,"#MSGLOWBEAUTY , #msglow ",original sound  - msglow.beauty,129,16,3,0
https://www.tiktok.com/@msglowbeauty/video/7470785129020017925,7470785129020017925,msglowbeauty,8395,https://p16-sign-va.tiktokcdn.com/obj/tos-maliva-p-0068/oIOE6itvi2cU4m6I3iQ1BSqIBxZBA79kHEjxC?lk3s=81f88b70&x-expires=1742040000&x-signature=snb1fv1tzsw9RxlRBU35%2BMZpz5k%3D&shp=81f88b70&shcp=-,2025-02-13,2025-03-13 21:13:56,2-13,Emang ya kalo ada masalah kulit itu auto ovt banget...udah tau gitu jangan dicuekin yaaa beauties gas langsung pakai skincare yang aman aman ajaa #msglow  #msglowbeauty  #fyp  #fypage  #serum  #skincare  #skincareroutine  #videotrending  #kontenviral  #trendviral  #kulitglowing  #kulitcerah  #trendingvideo  ,"#msglow , #msglowbeauty , #fyp , #fypage , #serum , #skincare , #skincareroutine , #videotrending , #kontenviral , #trendviral , #kulitglowing , #kulitcerah , #trendingvideo ",suara asli  - LUCKY CELL CIRACAS,252,8,48,25
https://www.tiktok.com/@msglowbeauty/video/7470721762901150994,7470721762901150994,msglowbeauty,145.5K,https://p16-sign-sg.tiktokcdn.com/obj/tos-alisg-p-0037/oMDLaefWC0ZVnFNE4RzBAWUqErQBqIIgRt9ZR3?lk3s=81f88b70&x-expires=1742040000&x-signature=27vmFB6DDhXGBFl9o4XSFvsr%2Fqo%3D&shp=81f88b70&shcp=-,2025-02-13,2025-03-13 21:14:27,2-13,Lebih baik bersabar tapi hasilnya maksimal dari pada instant tapi malah bikin kulit russk 🥰❤️ udah ready buat coba? #whitefortebodylotionmsglow  ,#whitefortebodylotionmsglow ,original sound  - msglow.beauty,361,16,22,15
https://www.tiktok.com/@msglowbeauty/video/7470508495910030597,7470508495910030597,msglowbeauty,9879,https://p16-sign-va.tiktokcdn.com/obj/tos-maliva-p-0068/oMvbCYeGSQB8jVPIcJ5sdWRSZCeAHIasLDeDgg?lk3s=81f88b70&x-expires=1742040000&x-signature=HsyJbatTz6cVDpHopJfBNajOAJ8%3D&shp=81f88b70&shcp=-,2025-02-12,2025-03-13 21:14:58,2-12,Treat your skin with our peeling... yang masih ngeluh dan pusing sama kulitnya buruan checkout di keranjang kuning mumpung promo #msglow  #msglowbeauty  #peeling  #peelingserum  #fyp  #fypage  #produkviral  #kontenviral  #diskontiktokshop  #videotrending  #trendviral  #rekomendasipeeling  #peelingsolution  ,"#msglow , #msglowbeauty , #peeling , #peelingserum , #fyp , #fypage , #produkviral , #kontenviral , #diskontiktokshop , #videotrending , #trendviral , #rekomendasipeeling , #peelingsolution ",original sound  - msglow.beauty,299,2,43,6
https://www.tiktok.com/@msglowbeauty/video/7470471566933970183,7470471566933970183,msglowbeauty,69K,https://p16-sign-sg.tiktokcdn.com/obj/tos-alisg-p-0037/oEfRQo4LjGAM5yQizOLtDjPHdIeAoCRWQZeqYI?lk3s=81f88b70&x-expires=1742040000&x-signature=dk4tlnUbqavZCDYpmWCJrukKLSg%3D&shp=81f88b70&shcp=-,2025-02-12,2025-03-13 21:15:29,2-12,Kataa siapa seller MSGLOW BEAUTY udah gak sejahtera lagi? 🙄 #spain  #glowtospain  #MSGLOWBeauty  #eliteglowbal  ,"#spain , #glowtospain , #MSGLOWBeauty , #eliteglowbal ",original sound  - msglow.beauty,464,0,2,2
https://www.tiktok.com/@msglowbeauty/video/7470471514383469832,7470471514383469832,msglowbeauty,5198,"data:image/gif;base64,R0lGODlhAQABAIAAAAAAAP///yH5BAEAAAAALAAAAAABAAEAAAIBRAA7",2025-02-12,2025-03-13 21:16:00,2-12,Elite Glowbal Visit to Kosmesia ✨🤩 #EliteGlowbal  #MSGLOWBEAUTY  #msglow  ,"#EliteGlowbal , #MSGLOWBEAUTY , #msglow ",original sound  - msglow.beauty,302,0,1,1
https://www.tiktok.com/@msglowbeauty/video/7470470989034343688,7470470989034343688,msglowbeauty,45.1K,"data:image/gif;base64,R0lGODlhAQABAIAAAAAAAP///yH5BAEAAAAALAAAAAABAAEAAAIBRAA7",2025-02-12,2025-03-13 21:16:31,2-12,Coba tebak kira2 artis ternama siapa nih yang bakal ikut seller MSGLOW Beauty ke Spain? 😍❤️🇪🇸 #MSGLOWBeauty  #spain  #glowtospain   ,"#MSGLOWBeauty , #spain , #glowtospain ",original sound  - msglow.beauty,336,4,2,2
https://www.tiktok.com/@msglowbeauty/video/7470470398295936311,7470470398295936311,msglowbeauty,40.9K,"data:image/gif;base64,R0lGODlhAQABAIAAAAAAAP///yH5BAEAAAAALAAAAAABAAEAAAIBRAA7",2025-02-12,2025-03-13 21:17:04,2-12,Warnanya dan benefitsnya sebanding yaaa ternyataa xixixii emang ya kalo udah ngomongin facial wash dan cleanser ya ini nih fav nya beauties #msglow  #msglowbeauty  #kontenviral  #fyp  #fypage  #kulitglowing  #facewash  #facialwash  #sabunmuka  #sabuncucimuka  #skincareviral  #viralvideo  #produkviral  #rekomendasifacialwash  #cleanser  ,"#msglow , #msglowbeauty , #kontenviral , #fyp , #fypage , #kulitglowing , #facewash , #facialwash , #sabunmuka , #sabuncucimuka , #skincareviral , #viralvideo , #produkviral , #rekomendasifacialwash , #cleanser ",Funny funny weird - MrM,430,19,43,13
https://www.tiktok.com/@msglowbeauty/video/7470453544244514055,7470453544244514055,msglowbeauty,39.1K,"data:image/gif;base64,R0lGODlhAQABAIAAAAAAAP///yH5BAEAAAAALAAAAAABAAEAAAIBRAA7",2025-02-12,2025-03-13 21:17:35,2-12,Siapaa yaang udah readyy buat ACNEZONE BB Premium? 😍😍❤️ #MSGLOWBeauty  #acnezonebbpremium  ,"#MSGLOWBeauty , #acnezonebbpremium ",suara asli  - msglow.beauty,495,36,30,20
https://www.tiktok.com/@msglowbeauty/video/7470355058648010039,7470355058648010039,msglowbeauty,8977,"data:image/gif;base64,R0lGODlhAQABAIAAAAAAAP///yH5BAEAAAAALAAAAAABAAEAAAIBRAA7",2025-02-12,2025-03-13 21:18:06,2-12,"Ada kabar baik nih buat beauties facial wash fav kamuu lagi diskon dong hari ini dan cuma hari ini, jadi gak usah nunggu nunggu lagi buat checkout sekarang di keranjang kuning buruaaannn #msglow  #msglowbeauty  #kontenviral  #fyp  #fypage  #kulitglowing  #facewash  #facialwash  #sabunmuka  #sabuncucimuka  #skincareviral  #viralvideo  #produkviral  #rekomendasifacialwash  ","#msglow , #msglowbeauty , #kontenviral , #fyp , #fypage , #kulitglowing , #facewash , #facialwash , #sabunmuka , #sabuncucimuka , #skincareviral , #viralvideo , #produkviral , #rekomendasifacialwash ",original sound - Clint,296,3,18,7
https://www.tiktok.com/@msglowbeauty/video/7470189505572703494,7470189505572703494,msglowbeauty,5294,"data:image/gif;base64,R0lGODlhAQABAIAAAAAAAP///yH5BAEAAAAALAAAAAABAAEAAAIBRAA7",2025-02-11,2025-03-13 21:18:37,2-11,"Ini nih guys kenapa kok selalu pakai night cream, tonton deh sampai abis yaaaa #msglow  #msglowbeauty  #trend  #viral  #nightroutine  #nightskincareroutine  #kontenviral  #nightskincare  #kontenviral  #fyp  #fypage  #kulitglowing  #plumpy  ","#msglow , #msglowbeauty , #trend , #viral , #nightroutine , #nightskincareroutine , #kontenviral , #nightskincare , #kontenviral , #fyp , #fypage , #kulitglowing , #plumpy ",original sound - Flin.aep,252,3,80,8
https://www.tiktok.com/@msglowbeauty/video/7470179876071312647,7470179876071312647,msglowbeauty,31.7K,"data:image/gif;base64,R0lGODlhAQABAIAAAAAAAP///yH5BAEAAAAALAAAAAABAAEAAAIBRAA7",2025-02-11,2025-03-13 21:19:08,2-11,Siapa yang masih belum bisa moveone dari Anniversary MSGLOW Beauty kemaren? 😍🥰  ,N/A,original sound  - msglow.beauty,647,50,4,13
https://www.tiktok.com/@msglowbeauty/video/7470075712741920006,7470075712741920006,msglowbeauty,4364,"data:image/gif;base64,R0lGODlhAQABAIAAAAAAAP///yH5BAEAAAAALAAAAAABAAEAAAIBRAA7",2025-02-11,2025-03-13 21:19:39,2-11,"Guys guys guys yang masih ngeluh sama kondisi kulitnya, tonton video minglow dulu jangan di skip dan langsung gas checkout #msglow  #msglowbeauty  #trend  #viral  #viralvideo  #acnefighter  #kulitjerawat  #kontenviral  #facewash  #facialwash  #fyp  #skincareviral  #kulitsensitif  #acneskin  #acneproneskin  #sabuncucimuka  ","#msglow , #msglowbeauty , #trend , #viral , #viralvideo , #acnefighter , #kulitjerawat , #kontenviral , #facewash , #facialwash , #fyp , #skincareviral , #kulitsensitif , #acneskin , #acneproneskin , #sabuncucimuka ",Funny funny weird - MrM,248,0,10,2
https://www.tiktok.com/@msglowbeauty/video/7470008109885328658,7470008109885328658,msglowbeauty,3244,"data:image/gif;base64,R0lGODlhAQABAIAAAAAAAP///yH5BAEAAAAALAAAAAABAAEAAAIBRAA7",2025-02-11,2025-03-13 21:20:10,2-11,Terimakasih banyak para beauties yang sudah mampir booth MSGlow Beauty di Surabaya x Beauty 2025 🥳  #AmanTerpercaya #KembaliKeMSGLOW  #skincare  #glowing  #surabayaxbeauty  #surabayaxbeauty2025  ,"#AmanTerpercaya , #KembaliKeMSGLOW , #skincare , #glowing , #surabayaxbeauty , #surabayaxbeauty2025 ",original sound  - msglow.beauty,285,0,Share,0
https://www.tiktok.com/@msglowbeauty/video/7470001580402658568,7470001580402658568,msglowbeauty,5297,https://p16-sign-sg.tiktokcdn.com/obj/tos-alisg-p-0037/oIoGkUQGI2cCIuLAP2pA9xYei1pjC7IVqIDkfe?lk3s=81f88b70&x-expires=1742040000&x-signature=ZN%2FRugSn4HuG2Y9%2BcPKgUQWO6Vs%3D&shp=81f88b70&shcp=-,2025-02-11,2025-03-13 21:20:41,2-11,Nah kalau kamu penasaran gak nih beauties sama produk terbaru dari MSGLOW? 🫣🤩🤭 #MSGLOWBEAUTY  #msglow  ,"#MSGLOWBEAUTY , #msglow ",original sound  - msglow.beauty,244,7,Share,2
https://www.tiktok.com/@msglowbeauty/video/7469999363649965320,7469999363649965320,msglowbeauty,127.4K,https://p16-sign-sg.tiktokcdn.com/obj/tos-alisg-p-0037/oAImkijIQDAeOQuqHPfAHMw7oCLlfxVGYkK978?lk3s=81f88b70&x-expires=1742040000&x-signature=xK2LDWf3tehsWRL9KLhOcRXkXas%3D&shp=81f88b70&shcp=-,2025-02-11,2025-03-13 21:21:12,2-11,Keseruan seller MSGLOW nonton lagi lagi tenis international hari minggu kemarin🤩🤩 #MSGLOWBEAUTY  ,#MSGLOWBEAUTY ,original sound  - msglow.beauty,340,11,7,15
https://www.tiktok.com/@msglowbeauty/video/7469998478433815815,7469998478433815815,msglowbeauty,7523,https://p16-sign-sg.tiktokcdn.com/obj/tos-alisg-p-0037/ocTspDqfQAUaoDAEgBjENjaATIFRgAFvnVC6If?lk3s=81f88b70&x-expires=1742040000&x-signature=tfKc6l6dRbqNF4N%2BW%2BxWZbkn%2BnI%3D&shp=81f88b70&shcp=-,2025-02-11,2025-03-13 21:22:09,2-11,Yuk cari tau produk favorite para beauties 😍  #AmanTerpercaya #KembaliKeMSGLOW  #skincare  #glowing  #surabayaxbeauty  #surabayaxbeauty2025  ,"#AmanTerpercaya , #KembaliKeMSGLOW , #skincare , #glowing , #surabayaxbeauty , #surabayaxbeauty2025 ",It is a ring tone such as cell phones and smartphones(41011) - WALKER,330,3,3,3
https://www.tiktok.com/@msglowbeauty/video/7469993951026613511,7469993951026613511,msglowbeauty,3783,https://p16-sign-sg.tiktokcdn.com/obj/tos-alisg-p-0037/o0NCA1uK6IAWqApGFu0hqfA1Dwi9rBBCzEXIAi?lk3s=81f88b70&x-expires=1742040000&x-signature=DSVMrtANs7cHzTflccvkknNvkvg%3D&shp=81f88b70&shcp=-,2025-02-11,2025-03-13 21:22:42,2-11,Siapa nih waktu flash sale borong banyak ?? 😍❤️‍🔥  #AmanTerpercaya #KembaliKeMSGLOW  #skincare  #glowing  #surabayaxbeauty  #surabayaxbeauty2025 ,"#AmanTerpercaya , #KembaliKeMSGLOW , #skincare , #glowing , #surabayaxbeauty , #surabayaxbeauty2025 ",original sound  - msglow.beauty,33,0,1,4
