URL,Video_ID,Username,Views,Thumbnail,Post_Date,Crawl_Date,Date_Text,Description,Hashtags,Music,Likes,Comments,Shares,Saves
https://www.tiktok.com/@somethincofficial/video/7474265596268498184,7474265596268498184,somethincofficial,251.7K,https://p16-sign-sg.tiktokcdn.com/obj/tos-alisg-p-0037/os55jeQdPEoAIADw7EcF8CzEIeDAylAO5AfuPP?lk3s=81f88b70&x-expires=1742025600&x-signature=MeaBjHqNSAO1n1gVCNw8TchTyIU%3D&shp=81f88b70&shcp=-,2025-02-22,2025-03-13 15:36:06,2-22,"𝐅𝐎𝐑𝐄𝐕𝐄𝐑 𝐎𝐍 𝐏𝐋𝐀𝐘, 𝐅𝐎𝐑𝐄𝐕𝐄𝐑 𝐎𝐍 𝐒𝐓𝐀𝐘 💋🎶  Meet: 𝙁𝙤𝙧𝙚𝙫𝙚𝙧 𝙎𝙩𝙖𝙮 𝘾𝙤𝙢𝙛𝙤𝙧𝙩 𝙇𝙞𝙥 𝙂𝙡𝙖𝙯𝙚 – Your NEW playlips for unbeatable hydration & unstoppable lip action! ♬ Transferproof, Kissproof, Smudgeproof ♬ With Hyalubloom™️ to hydrate & fade lip lines ♬ Extremely lightweight & comfortable ♬ 24H* high pigmentation, cover dark & two toned lips ♬ Non-crack & Non-sticky ♬ Innovative auto-swivel applicator  Ready to rock those 3D Glazed Lips? 🫦🎸 Shop the 9 stunning shades exclusively at Somethinc Official Shopee!  *Based on consumer test",N/A,original sound  - Somethinc Official,2255,58,92,88
https://www.tiktok.com/@somethincofficial/video/7364973178856262918,7364973178856262918,somethincofficial,8M,https://p16-sign-va.tiktokcdn.com/tos-maliva-p-0068/9f16a5163b9e4e419f668a62e5e7d249_1714791450~tplv-dmt-logom:tos-useast2a-v-0068/oA9WQoAMIEkY1eABaSmErDCCNQSHJzAfQAdFBR.image?lk3s=81f88b70&x-expires=1742025600&x-signature=6iCZ2%2FgD7%2BCKKW8oaOPUnJL5w08%3D&shp=81f88b70&shcp=-,2024-05-04,2025-03-13 15:36:37,2024-5-4,Moisturizer pilihan Afgan! Skin barrier bermasalah? #KaleminAja ! 💚🍃 #Somethinc  #PakaiSomethinc  #BrandofTheMonth  ,"#KaleminAja , #Somethinc , #PakaiSomethinc , #BrandofTheMonth ",original sound  - Somethinc Official,10.3K,91,690,1073
https://www.tiktok.com/@somethincofficial/video/7467412249196514567,7467412249196514567,somethincofficial,257.4K,https://p16-sign-sg.tiktokcdn.com/obj/tos-alisg-p-0037/oAhoBLfDQIktRRnEFJJOFocZDCeAQEPAFAAoQg?lk3s=81f88b70&x-expires=1742025600&x-signature=bpU41fZV040lpdIE7wlq57ayJII%3D&shp=81f88b70&shcp=-,2025-02-04,2025-03-13 15:37:10,2-4,"Cleanse, Moisturize & Nourish ✨  Meet OMEGA DEEP CLEANSING BALM. Next-gen first cleansers that melt away waterproof makeup, sunscreen & impurities in 20 seconds! Gentle, non-stripping, non-drying & packed with antioxidant-rich Sea Buckthorn. Melt like butter, nourish like no other  Explore the range: • OMEGA BUTTER DEEP CLEANSING BALM: Buttery-to-milky oil texture, rich & 10x nourishing • OMEGA JELLY DEEP CLEANSING BALM: Jelly-to-milky oil texture, light & nourishing  NOW AVAILABLE Exclusively on Shopee Somethinc Official! #Somethinc  #SomethincBalm  #SomethincJelly  ","#Somethinc , #SomethincBalm , #SomethincJelly ",original sound  - Somethinc Official,271,19,37,32
https://www.tiktok.com/@somethincofficial/video/7481197484174331144,7481197484174331144,somethincofficial,1487,https://p16-sign-sg.tiktokcdn.com/obj/tos-alisg-p-0037/ogXuEjF4AroeXE2SDADAIrpfjbPAjEDIAREqfp?lk3s=81f88b70&x-expires=1742025600&x-signature=7bxdm1hXvbTC8FliFXR%2F%2FFMcoAU%3D&shp=81f88b70&shcp=-,2025-03-13,2025-03-13 15:37:41,50m ago,Udah pertengahan puasa tapi kamu masih bingung cari tempat bukber? Sini Minthinc rekomendasiin! 💜✨ #Somethinc  #PakaiSomethinc  #RamadanEkstraSeru  ,"#Somethinc , #PakaiSomethinc , #RamadanEkstraSeru ",Marhaban Ya Ramadan - TonsTone,15,0,Share,2
https://www.tiktok.com/@somethincofficial/video/7481161676482481416,7481161676482481416,somethincofficial,3594,https://p16-sign-sg.tiktokcdn.com/obj/tos-alisg-p-0037/oke3SAhADAEIACAqfQGfoPIPpEAnmbjZNLoIDp?lk3s=81f88b70&x-expires=1742025600&x-signature=sWQXB6x9mYOC7z5BnMVq7CUZSVg%3D&shp=81f88b70&shcp=-,2025-03-13,2025-03-13 15:38:12,3h ago,Siapa yang begini juga? Pas mepet buka baru kerasa banget😭 #somethinc  #pakaisomethinc  ,"#somethinc , #pakaisomethinc ",ok its got a little kick - rose 🥀🪻,15,1,3,1
https://www.tiktok.com/@somethincofficial/video/7481134764506877200,7481134764506877200,somethincofficial,3922,https://p16-sign-sg.tiktokcdn.com/obj/tos-alisg-p-0037/o0gibCBOEPIKDpANOfyYSIS5zJAVTBv06AiwAA?lk3s=81f88b70&x-expires=1742025600&x-signature=EpLPN%2Bxeb7BTxliAuNdYgR43Ft0%3D&shp=81f88b70&shcp=-,2025-03-13,2025-03-13 15:38:45,4h ago,Things I Would NEVER DO as a Skincare Formulator🧪✨ #Somethinc  #PakaiSomethinc  #ramadanekstraseru  ,"#Somethinc , #PakaiSomethinc , #ramadanekstraseru ",Suns - Official Sound Studio,17,1,Share,1
https://www.tiktok.com/@somethincofficial/video/7481116688784592146,7481116688784592146,somethincofficial,4416,https://p16-sign-sg.tiktokcdn.com/obj/tos-alisg-p-0037/osDAIABFiALA6RSKAIojABVCY6bEIKAfwzSQXi?lk3s=81f88b70&x-expires=1742025600&x-signature=ACw1HGZtyjCWNxoW1QPF0oUJiUA%3D&shp=81f88b70&shcp=-,2025-03-13,2025-03-13 15:39:16,6h ago,"Setuju gak nih sama Minthinc? Kalau Review jujur itu boleh, tapi jangan untuk menjatuhkan ya🥰 #somethinc  #pakaisomethinc  ","#somethinc , #pakaisomethinc ",Cute - Aurel Surya Lie,34,0,2,0
https://www.tiktok.com/@somethincofficial/video/7480946975253236997,7480946975253236997,somethincofficial,12.6K,https://p16-sign-va.tiktokcdn.com/obj/tos-maliva-p-0068/oQnYGn1UdaQIBi3ph9qOEoPiiqZDBjZAARAEA?lk3s=81f88b70&x-expires=1742025600&x-signature=ACGb%2B8tT6QfmaGqcWPHgLHWw%2BVA%3D&shp=81f88b70&shcp=-,2025-03-13,2025-03-13 15:39:48,17h ago,Boy essentials🫵🫵 #SkincareCowok  #Somethinc  #PakaiSomethinc  ,"#SkincareCowok , #Somethinc , #PakaiSomethinc ",оригинальный звук - db.,85,0,2,3
https://www.tiktok.com/@somethincofficial/video/7480895409779428613,7480895409779428613,somethincofficial,25.4K,https://p16-sign-va.tiktokcdn.com/obj/tos-maliva-p-0068/oEAYevCJGQGsKieWAHLASxjBREe9PACIIug1Io?lk3s=81f88b70&x-expires=1742025600&x-signature=2RpF3ZALTODkA2XNsEZNf23UE7Y%3D&shp=81f88b70&shcp=-,2025-03-13,2025-03-13 15:40:21,20h ago,Kalau menurut kalian yang penting apa Squad?? WKWK #SkincareCowok  #Somethinc  #PakaiSomethinc  ,"#SkincareCowok , #Somethinc , #PakaiSomethinc ",original sound - GRWM/HAULS😝,219,15,12,9
https://www.tiktok.com/@somethincofficial/video/7480830358531951888,7480830358531951888,somethincofficial,11.7K,https://p16-sign-sg.tiktokcdn.com/obj/tos-alisg-p-0037/oUtfEKq8mBA5PuApAJizAIzADChwaBD6Igv8Ri?lk3s=81f88b70&x-expires=1742025600&x-signature=CBVfOqcM%2BHbjKvcPWl%2FjIo9kc5s%3D&shp=81f88b70&shcp=-,2025-03-13,2025-03-13 15:40:52,1d ago,"Jangan Asal Double Cleansing! Nih, cara yang benar😍#somethinc  #pakaisomethinc  ","#somethinc , #pakaisomethinc ",Dongdada - Official Sound Studio,72,2,25,20
https://www.tiktok.com/@somethincofficial/video/7480803082255994130,7480803082255994130,somethincofficial,10.9K,https://p16-sign-sg.tiktokcdn.com/obj/tos-alisg-p-0037/o4fEVGF0DID2JrAAbWAgfJE9niQIRUZBUAZSTC?lk3s=81f88b70&x-expires=1742025600&x-signature=eTLUo0TlOlM%2BWGF9hNZ0%2Fwftvx4%3D&shp=81f88b70&shcp=-,2025-03-13,2025-03-13 15:41:23,1d ago,Ritual H-18 Lebaran biar kulit cerah & glowing! ✨😍 #somethinc  #pakaisomethinc  ,"#somethinc , #pakaisomethinc ",оригинальный звук - joyful.prod,26,0,7,6
https://www.tiktok.com/@somethincofficial/video/7480799281515973906,7480799281515973906,somethincofficial,18.1K,https://p16-sign-sg.tiktokcdn.com/obj/tos-alisg-p-0037/oMEVAIooNLDAfIkAEPIGF1eJIAS6AaieDoRpDj?lk3s=81f88b70&x-expires=1742025600&x-signature=NGGpXFACTpJLSEH7mTwr5KsbiV8%3D&shp=81f88b70&shcp=-,2025-03-13,2025-03-13 15:41:54,1d ago,"Satu serum bisa buat kulit halus, mulus & awet muda💉✨ #Somethinc  #PakaiSomethinc  #RamadanEkstraSeru  ","#Somethinc , #PakaiSomethinc , #RamadanEkstraSeru ",som original - JansenGato,187,4,9,38
https://www.tiktok.com/@somethincofficial/video/7480791774064053521,7480791774064053521,somethincofficial,11.9K,https://p16-sign-sg.tiktokcdn.com/obj/tos-alisg-p-0037/ocDXAPjEeckII7LjJRIA9iAoEHAefRjRADoEIG?lk3s=81f88b70&x-expires=1742025600&x-signature=MBvZFr2GvEY8FyOwFVXQ3Vv%2Bnas%3D&shp=81f88b70&shcp=-,2025-03-13,2025-03-13 15:42:25,1d ago,Skin barrier rusak?! Kalemin aja pake Calm Down Moisturizer🤩💚✨ #Somethinc  #PakaiSomethinc  ,"#Somethinc , #PakaiSomethinc ","Funny video ""Carmen Prelude"" Arranging weakness(836530) - yo suzuki(akisai)",109,3,7,6
https://www.tiktok.com/@somethincofficial/video/7480757355446111506,7480757355446111506,somethincofficial,4988,https://p16-sign-sg.tiktokcdn.com/obj/tos-alisg-p-0037/ocDLsErCwQf0qFlEHUSfWmrTDZ0kBRgIhnIPAB?lk3s=81f88b70&x-expires=1742025600&x-signature=HzCrgB0a0H%2FakjqAKX10q2bX8D8%3D&shp=81f88b70&shcp=-,2025-03-13,2025-03-13 15:42:57,1d ago,Wajah fresh & hati adem!💦✨ #Somethinc  #PakaiSomethinc  #RamadhanEkstraSeru   ,"#Somethinc , #PakaiSomethinc , #RamadhanEkstraSeru ",Ramadan Kareem - Megan Yagami,21,0,3,3
https://www.tiktok.com/@somethincofficial/video/7480563415203745079,7480563415203745079,somethincofficial,17.9K,https://p16-sign-va.tiktokcdn.com/obj/tos-maliva-p-0068/o4AUBEDBPATQEF58AZJAyEIi4AQMii9hIKBMx?lk3s=81f88b70&x-expires=1742025600&x-signature=orTuZceHjfGuDt0%2F8D7CoOZyukE%3D&shp=81f88b70&shcp=-,2025-03-13,2025-03-13 15:43:29,1d ago,"Cukup kamu yang haus, kulitnya jangan🫵🫵 #SkincareCowok  #Somethinc  #PakaiSomethinc  ","#SkincareCowok , #Somethinc , #PakaiSomethinc ",original sound  - ELM,59,1,6,4
https://www.tiktok.com/@somethincofficial/video/7480561260782734647,7480561260782734647,somethincofficial,11.6K,https://p16-sign-va.tiktokcdn.com/obj/tos-maliva-p-0068/o8BQAEDrIBt6WEiBtfISCc5g2VssCoAHADAAiz?lk3s=81f88b70&x-expires=1742025600&x-signature=KgNoY1XnewS4inS1tigBk1L83o8%3D&shp=81f88b70&shcp=-,2025-03-13,2025-03-13 15:44:02,1d ago,Lemes dikit gak ngaruh kan Squad? ☝️🥲 #SkincareCowok  #Somethinc  #PakaiSomethinc  ,"#SkincareCowok , #Somethinc , #PakaiSomethinc ",KU TAK TAU MENGAPA - ADMIN 🎧,50,3,13,4
https://www.tiktok.com/@somethincofficial/video/7480478000979397906,7480478000979397906,somethincofficial,13.7K,https://p16-sign-sg.tiktokcdn.com/tos-alisg-p-0037/oQMfAffS3K5QicXM6NgA3KAgBfA8MF5fAMPQyM~tplv-dmt-logom:tos-alisg-i-0068/osQAff7iJSfAhAMOS1gAMLIM5fGiuPAJJeEFyg.image?lk3s=81f88b70&x-expires=1742025600&x-signature=zyqBk9c9MSO0i%2BCpI%2BYINdDBAPc%3D&shp=81f88b70&shcp=-,2025-03-13,2025-03-13 15:44:34,1d ago,Skin Concern Bumil🤰🏻 ini rekomendasi serum yang bisa dipakai!😍 #somethinc  #pakaisomethinc  ,"#somethinc , #pakaisomethinc ",Intergalactic Janet - Ley Soul,50,3,2,11
https://www.tiktok.com/@somethincofficial/video/7480477682820599048,7480477682820599048,somethincofficial,685K,https://p16-sign-sg.tiktokcdn.com/obj/tos-alisg-p-0037/okUfvVAP8Ah8f2Z5AMMfKaSAfQMgWiA6qfAADh?lk3s=81f88b70&x-expires=1742025600&x-signature=JYuQaazDH8MPZYoshT3zuELi9UI%3D&shp=81f88b70&shcp=-,2025-03-13,2025-03-13 15:45:07,1d ago,"Kalau begini, THR habis sebelum lebaran dong😭🫵🏻 #somethinc  #pakaisomethinc  ","#somethinc , #pakaisomethinc ",original sound - Eggo.vsp • Friends,6119,18,249,125
https://www.tiktok.com/@somethincofficial/video/7480193133456788791,7480193133456788791,somethincofficial,24.2K,"data:image/gif;base64,R0lGODlhAQABAIAAAAAAAP///yH5BAEAAAAALAAAAAABAAEAAAIBRAA7",2025-03-13,2025-03-13 15:45:38,2d ago,Eksfoliasi jadi jauh lebih tenang 🫠🫠 #SkincareCowok  #Somethinc  #PakaiSomethinc  ,"#SkincareCowok , #Somethinc , #PakaiSomethinc ",suara asli  - for you,115,8,14,10
https://www.tiktok.com/@somethincofficial/video/7480171786995305734,7480171786995305734,somethincofficial,290.9K,"data:image/gif;base64,R0lGODlhAQABAIAAAAAAAP///yH5BAEAAAAALAAAAAABAAEAAAIBRAA7",2025-03-13,2025-03-13 15:46:44,2d ago,Berbuka lah dengan bersih bersih ☝️🥲 #Somethinc  #PakaiSomethinc  #SkincareCowok  ,"#Somethinc , #PakaiSomethinc , #SkincareCowok ",Originalton - قّ,924,53,41,68
https://www.tiktok.com/@somethincofficial/video/7480139129854971143,7480139129854971143,somethincofficial,31.4K,"data:image/gif;base64,R0lGODlhAQABAIAAAAAAAP///yH5BAEAAAAALAAAAAABAAEAAAIBRAA7",2025-03-13,2025-03-13 15:47:16,2d ago,[SAVE] Ini dia contekan buat kalian yang mau layering Calm Down Moist & serum Somethinc✨ #Somethinc  #PakaiSomethinc  #ramadanekstraseru  ,"#Somethinc , #PakaiSomethinc , #ramadanekstraseru ",Revival - Dombresky & Noizu & Reblok,179,4,13,66
https://www.tiktok.com/@somethincofficial/video/7480138681198628103,7480138681198628103,somethincofficial,24.5K,"data:image/gif;base64,R0lGODlhAQABAIAAAAAAAP///yH5BAEAAAAALAAAAAABAAEAAAIBRAA7",2025-03-13,2025-03-13 15:47:49,2d ago,Bulan puasa gini emang harus pake yang kalem-kalem sih💚✨ #Somethinc  #PakaiSomethinc  ,"#Somethinc , #PakaiSomethinc ",Suns - Official Sound Studio,69,1,6,6
https://www.tiktok.com/@somethincofficial/video/7480117821624601874,7480117821624601874,somethincofficial,126.1K,"data:image/gif;base64,R0lGODlhAQABAIAAAAAAAP///yH5BAEAAAAALAAAAAABAAEAAAIBRAA7",2025-03-13,2025-03-13 15:48:20,2d ago,Mau ngejar deadline malah disuruh pulang shay..🤗 #Somethinc  #PakaiSomethinc  #RamadanEkstraSeru  ,"#Somethinc , #PakaiSomethinc , #RamadanEkstraSeru ",som original - ✨Gigi✨,363,2,12,28
https://www.tiktok.com/@somethincofficial/video/7480105633128271111,7480105633128271111,somethincofficial,282.3K,"data:image/gif;base64,R0lGODlhAQABAIAAAAAAAP///yH5BAEAAAAALAAAAAABAAEAAAIBRAA7",2025-03-13,2025-03-13 15:48:53,2d ago,Happy to see our Calm Down Moisturizer on the radar of international skincare enthusiast! 😍  Thanks a million to @skincarestan for this awesome review! We're thrilled you love our Calm Down Moisturizer💟,N/A,Freak - Lesfm,3906,38,34,190
https://www.tiktok.com/@somethincofficial/video/7480075565052038418,7480075565052038418,somethincofficial,14.2K,"data:image/gif;base64,R0lGODlhAQABAIAAAAAAAP///yH5BAEAAAAALAAAAAABAAEAAAIBRAA7",2025-03-13,2025-03-13 15:49:24,3d ago,Jangan asal pilih serum! Sesuaikan sama masalah & jenis kulit kamu🫵🏻🥰 #somethinc  #pakaisomethinc  ,"#somethinc , #pakaisomethinc ",Aesthetic Coffee - Febri Handika,115,1,5,54
https://www.tiktok.com/@somethincofficial/video/7480075214089506068,7480075214089506068,somethincofficial,90.8K,"data:image/gif;base64,R0lGODlhAQABAIAAAAAAAP///yH5BAEAAAAALAAAAAABAAEAAAIBRAA7",2025-03-13,2025-03-13 15:49:56,3d ago,Calm Down® itu apa sih?! Sini Minthinc jelasin! 😍🍃 #somethinc  #pakaisomethinc  ,"#somethinc , #pakaisomethinc ",Kalemin Aja - Somethinc Official,373,11,17,40
https://www.tiktok.com/@somethincofficial/video/7480021723715308808,7480021723715308808,somethincofficial,12K,"data:image/gif;base64,R0lGODlhAQABAIAAAAAAAP///yH5BAEAAAAALAAAAAABAAEAAAIBRAA7",2025-03-13,2025-03-13 15:50:27,3d ago,Tulis jawaban kamu di komen! 3 orang beruntung bakal dapetin Calm Down Moisturizer!🤩✨ #Somethinc  #PakaiSomethinc  #RamadanEkstraSeru ,"#Somethinc , #PakaiSomethinc , #RamadanEkstraSeru ",Intergalactic Janet - Ley Soul,22,5,3,2
https://www.tiktok.com/@somethincofficial/video/7480015167657446664,7480015167657446664,somethincofficial,166.7K,"data:image/gif;base64,R0lGODlhAQABAIAAAAAAAP///yH5BAEAAAAALAAAAAABAAEAAAIBRAA7",2025-03-13,2025-03-13 15:50:58,3d ago,Tag temen kamu yang gabisa hidup tanpa lippiesnya!💆‍♀️💜 #Somethinc  #PakaiSomethinc  ,"#Somethinc , #PakaiSomethinc ",BORN FOR THIS - Foxxi,282,10,8,24
https://www.tiktok.com/@somethincofficial/video/7479818085197778192,7479818085197778192,somethincofficial,37.7K,"data:image/gif;base64,R0lGODlhAQABAIAAAAAAAP///yH5BAEAAAAALAAAAAABAAEAAAIBRAA7",2025-03-13,2025-03-13 15:51:29,3d ago,Kulit sensitif & kemerahan? Ini solusinya!✨ #Somethinc  #PakaiSomethinc  #ramadanekstraseru  ,"#Somethinc , #PakaiSomethinc , #ramadanekstraseru ",Suns - Official Sound Studio,183,2,7,9
https://www.tiktok.com/@somethincofficial/video/7479762491153599752,7479762491153599752,somethincofficial,863.8K,"data:image/gif;base64,R0lGODlhAQABAIAAAAAAAP///yH5BAEAAAAALAAAAAABAAEAAAIBRAA7",2025-03-13,2025-03-13 15:52:01,3d ago,"Kamu tipe yang mana nih, squad? 🤣 #somethinc  #pakaisomethinc  ","#somethinc , #pakaisomethinc ",Happy Ramadan - Ramol,4166,105,126,231
https://www.tiktok.com/@somethincofficial/video/7479758594393591045,7479758594393591045,somethincofficial,181.7K,"data:image/gif;base64,R0lGODlhAQABAIAAAAAAAP///yH5BAEAAAAALAAAAAABAAEAAAIBRAA7",2025-03-13,2025-03-13 15:52:32,3d ago,Biar pas tua nantj tetap muda☝️😌 #Somethinc  #PakaiSomethinc  #SkincareCowok  ,"#Somethinc , #PakaiSomethinc , #SkincareCowok ",DJ KOMANG I DONT KNOW WHY JEDAG JEDUG - DjKomangRimex,290,2,22,15
https://www.tiktok.com/@somethincofficial/video/7479465231983316279,7479465231983316279,somethincofficial,132.6K,"data:image/gif;base64,R0lGODlhAQABAIAAAAAAAP///yH5BAEAAAAALAAAAAABAAEAAAIBRAA7",2025-03-13,2025-03-13 15:53:03,4d ago,Udah bukan jamnha untuk malu Skincarean! 2025: Skincarean itu keren! #Somethinc  #PakaiSomethinc  #SkincareCowok  ,"#Somethinc , #PakaiSomethinc , #SkincareCowok ",suara asli - Ariadi Samosir - Music Corner,244,6,16,31
https://www.tiktok.com/@somethincofficial/video/7479334364044659989,7479334364044659989,somethincofficial,17.9K,"data:image/gif;base64,R0lGODlhAQABAIAAAAAAAP///yH5BAEAAAAALAAAAAABAAEAAAIBRAA7",2025-03-13,2025-03-13 15:53:34,5d ago,"Kalau kulit udah muncul masalah, ini pertolongan pertama! ✨🍃 #somethinc  #pakaisomethinc  ","#somethinc , #pakaisomethinc ",Aesthetic Coffee - Febri Handika,49,0,6,2
https://www.tiktok.com/@somethincofficial/video/7479281346188299525,7479281346188299525,somethincofficial,64.9K,"data:image/gif;base64,R0lGODlhAQABAIAAAAAAAP///yH5BAEAAAAALAAAAAABAAEAAAIBRAA7",2025-03-13,2025-03-13 15:54:06,5d ago,Ada yang serumnya samaan nggak nih kaya Bunda Sarwendah? 🫠🫠 #Somethinc  #PakaiSomethinc  #WarehouseSomethinc  ,"#Somethinc , #PakaiSomethinc , #WarehouseSomethinc ",Dance You Outta My Head - Cat Janice,974,11,81,35
https://www.tiktok.com/@somethincofficial/video/7479280209737403656,7479280209737403656,somethincofficial,12.8K,"data:image/gif;base64,R0lGODlhAQABAIAAAAAAAP///yH5BAEAAAAALAAAAAABAAEAAAIBRAA7",2025-03-13,2025-03-13 15:54:37,5d ago,Kulit tetap lembab & kalem selama puasa? Bisa dong🥰✨ #Somethinc  #PakaiSomethinc  #ramadanekstraseru  ,"#Somethinc , #PakaiSomethinc , #ramadanekstraseru ",Suns - Official Sound Studio,36,2,10,10
https://www.tiktok.com/@somethincofficial/video/7479279309283216641,7479279309283216641,somethincofficial,36.4K,"data:image/gif;base64,R0lGODlhAQABAIAAAAAAAP///yH5BAEAAAAALAAAAAABAAEAAAIBRAA7",2025-03-13,2025-03-13 15:55:08,5d ago,Para bumil gausah khawatir! Buat mencegah stretch mark bisa banget pake 2 produk Somethinc ini🥰✨ #Somethinc  #PakaiSomethinc  ,"#Somethinc , #PakaiSomethinc ",original sound - Somethinc Official,330,2,7,24
https://www.tiktok.com/@somethincofficial/video/7479267894598061330,7479267894598061330,somethincofficial,86.5K,"data:image/gif;base64,R0lGODlhAQABAIAAAAAAAP///yH5BAEAAAAALAAAAAABAAEAAAIBRAA7",2025-03-13,2025-03-13 15:55:40,5d ago,"Satu serum buat bantu kulit halus, mulus & awet muda💉✨  #Somethinc  #PakaiSomethinc  #RamadanEkstraSeru  ","#Somethinc , #PakaiSomethinc , #RamadanEkstraSeru ",suara asli - ᴘᴛʀᴀ ft 𝗔𝗣 - ≠ptranofps,325,2,8,22
https://www.tiktok.com/@somethincofficial/video/7479261711418101010,7479261711418101010,somethincofficial,9661,https://p16-sign-sg.tiktokcdn.com/obj/tos-alisg-p-0037/o46OLANMdKAtyiIzD5ifABwLUr2AZ3E3IAB7C1?lk3s=81f88b70&x-expires=1742025600&x-signature=2kcOUM1IAnZg%2FhFGNcp0gZXXqp8%3D&shp=81f88b70&shcp=-,2025-03-13,2025-03-13 15:56:11,5d ago,"Dari semua cleanser Somethinc, mana yang jadi andalan kamu nih Squad?💦🤗 #Somethinc  #PakaiSomethinc  #RamadanEkstraSeru  ","#Somethinc , #PakaiSomethinc , #RamadanEkstraSeru ",aespa love me like this - angggeum,65,3,3,8
https://www.tiktok.com/@somethincofficial/video/7479067277623594246,7479067277623594246,somethincofficial,89K,https://p16-sign-va.tiktokcdn.com/obj/tos-maliva-p-0068/osnfFBgFAAAuAMvTAIL8KfIGjexOfBfIKiRGVQ?lk3s=81f88b70&x-expires=1742025600&x-signature=IEkbkzC8iKbofWrOfXXcWZ%2BP6Xg%3D&shp=81f88b70&shcp=-,2025-03-13,2025-03-13 15:56:42,5d ago,Terima kasih Somethinc Squad!! 🫶🫠 #Somethinc  #PakaiSomethinc    ,"#Somethinc , #PakaiSomethinc ",next door jedag jedug - Zachz Winner,1123,54,69,25
https://www.tiktok.com/@somethincofficial/video/7479045146194070802,7479045146194070802,somethincofficial,280.5K,https://p16-sign-sg.tiktokcdn.com/obj/tos-alisg-p-0037/ocIVQADAjzElAODPgFG6fHQaWfrIzEAA45cfEs?lk3s=81f88b70&x-expires=1742025600&x-signature=7kY9cC9DhpJQ2V5V3HWxIz45%2FY8%3D&shp=81f88b70&shcp=-,2025-03-13,2025-03-13 15:59:27,5d ago,Keliatan kan perbedaannya... #Somethinc  #PakaiSomethinc  #ramadanekstraseru  ,"#Somethinc , #PakaiSomethinc , #ramadanekstraseru ",Suns - Official Sound Studio,1721,14,74,66
https://www.tiktok.com/@somethincofficial/video/7478996874549054727,7478996874549054727,somethincofficial,20.2K,https://p16-sign-sg.tiktokcdn.com/obj/tos-alisg-p-0037/oceA9LQIIgMQATlCXqegMAZAjATgPGopDALBEf?lk3s=81f88b70&x-expires=1742025600&x-signature=XQHZv2%2BWL2bXfJEtXqGOdFHiupY%3D&shp=81f88b70&shcp=-,2025-03-13,2025-03-13 16:00:01,5d ago,Combo Serum yang harus kamu coba! 😍💜 #somethinc  #pakaisomethinc  ,"#somethinc , #pakaisomethinc ",Notice Me - Guchi & Loud Behaviour,109,3,9,60
https://www.tiktok.com/@somethincofficial/video/7478995101650291988,7478995101650291988,somethincofficial,56.4K,https://p16-sign-sg.tiktokcdn.com/obj/tos-alisg-p-0037/o4DyUEzIDNtprCufgEfnAOAAFFHGAnBEE4nRkK?lk3s=81f88b70&x-expires=1742025600&x-signature=g0rnln2cwxLET6YumtpFyUbOhv8%3D&shp=81f88b70&shcp=-,2025-03-13,2025-03-13 16:00:32,5d ago,Rekomendasi Moisturizer selama Bulan Ramadan! ✨🌙 #somethinc  #pakaisomethinc  ,"#somethinc , #pakaisomethinc ",Intergalactic Janet - Ley Soul,437,3,21,52
https://www.tiktok.com/@somethincofficial/video/7478917327501774098,7478917327501774098,somethincofficial,11.4K,https://p16-sign-sg.tiktokcdn.com/obj/tos-alisg-p-0037/oEAABE7nUE1AARmIOgKfCFcyDD9VrnEfxTUYdg?lk3s=81f88b70&x-expires=1742025600&x-signature=CJ3nA0fv9GZHo8QSVgGuMvcgMTU%3D&shp=81f88b70&shcp=-,2025-03-13,2025-03-13 16:01:03,6d ago,"Barrier repair, decoded 🧬🍀  Here’s the journey of our creation, CalmDown®️. The groundbreaking formula that delivers targeted relief for stressed skin conditions, transforming sensitivity into resilience.   Experience the science of calm now 👩‍🔬",N/A,original sound  - Somethinc Official,39,1,2,1
https://www.tiktok.com/@somethincofficial/video/7478911200902941959,7478911200902941959,somethincofficial,22.8K,https://p16-sign-sg.tiktokcdn.com/tos-alisg-p-0037/oswj43APEEQCNGABmbnEKDiCyI8fUDAfgAJFDR~tplv-dmt-logom:tos-alisg-i-0068/o8YABbIZAsEA8EiKEJaTuvwDLAiUIBEApVl7i.image?lk3s=81f88b70&x-expires=1742025600&x-signature=SmbFbU5YQu4MXfDRr3VK1jygCUY%3D&shp=81f88b70&shcp=-,2025-03-13,2025-03-13 16:01:35,6d ago,Jangan sampe ketinggalan! Meluncur ke Guardian sekarang!✨🛍️ #Somethinc  #PakaiSomethinc  #RamadanEkstraSeru  ,"#Somethinc , #PakaiSomethinc , #RamadanEkstraSeru ",Funk it up - Official Sound Studio,185,6,12,16
https://www.tiktok.com/@somethincofficial/video/7478704764880964870,7478704764880964870,somethincofficial,15.4K,https://p16-sign-va.tiktokcdn.com/obj/tos-maliva-p-0068/oYlUsMZUAJ0yDiiPiywA89sBzQjXEgE1AIBAm?lk3s=81f88b70&x-expires=1742025600&x-signature=Q8yNL%2Bv8%2FIZjNZoHvB8iqSZFD%2FU%3D&shp=81f88b70&shcp=-,2025-03-13,2025-03-13 16:02:06,6d ago,"Kalau Basic Skincarenya kalian udah kuat, waktunya level up rutinin Eksfoliasi ya Squad! #Somethinc  #PakaiSomethinc  #SkincareCowok  ","#Somethinc , #PakaiSomethinc , #SkincareCowok ",suara asli - piwaaa🦖 - ciwachan,68,2,6,8
https://www.tiktok.com/@somethincofficial/video/7478695648200592647,7478695648200592647,somethincofficial,120.8K,https://p16-sign-sg.tiktokcdn.com/obj/tos-alisg-p-0037/oUYGLEof1IFA5GQTIAACIeYnoVkxPQAJZDkjAe?lk3s=81f88b70&x-expires=1742025600&x-signature=XQofLpJ5JqcoB1Wtd5v9G9AyTJw%3D&shp=81f88b70&shcp=-,2025-03-13,2025-03-13 16:02:37,6d ago,"Padahal cuma mau ngasih Calm Down Moist, biar puasanya tetep kalem🥹 #Somethinc  #PakaiSomethinc  #ramadanekstraseru  ","#Somethinc , #PakaiSomethinc , #ramadanekstraseru ",original sound - Somethinc Official,617,2,35,38
https://www.tiktok.com/@somethincofficial/video/7478663467801627922,7478663467801627922,somethincofficial,933.9K,"data:image/gif;base64,R0lGODlhAQABAIAAAAAAAP///yH5BAEAAAAALAAAAAABAAEAAAIBRAA7",2025-03-13,2025-03-13 16:03:09,6d ago,Udah panik minthinc..👉🏻👈🏻 #Somethinc  #PakaiSomethinc  #ramadanekstraseru  ,"#Somethinc , #PakaiSomethinc , #ramadanekstraseru ",Suns - Official Sound Studio,3100,23,67,109
https://www.tiktok.com/@somethincofficial/video/7478643332055338258,7478643332055338258,somethincofficial,64K,"data:image/gif;base64,R0lGODlhAQABAIAAAAAAAP///yH5BAEAAAAALAAAAAABAAEAAAIBRAA7",2025-03-13,2025-03-13 16:03:40,6d ago,"Replying to @🥺🍵  nih, resep Skincare Smoothies yang bisa kamu ikutin!😍🍃 #somethinc  #pakaisomethinc  ","#somethinc , #pakaisomethinc ",Intergalactic Janet - Ley Soul,377,3,15,71
https://www.tiktok.com/@somethincofficial/video/7478642197160643858,7478642197160643858,somethincofficial,157.5K,"data:image/gif;base64,R0lGODlhAQABAIAAAAAAAP///yH5BAEAAAAALAAAAAABAAEAAAIBRAA7",2025-03-13,2025-03-13 16:04:12,6d ago,Siapa nih yang datang Bukber cuma buat ajang flexing?👀🫵🏻 #somethinc  #pakaisomethinc  ,"#somethinc , #pakaisomethinc ",Sneaky Snitch ctto - giles 💠,1244,3,21,53
https://www.tiktok.com/@somethincofficial/video/7478637113773247749,7478637113773247749,somethincofficial,140.3K,"data:image/gif;base64,R0lGODlhAQABAIAAAAAAAP///yH5BAEAAAAALAAAAAABAAEAAAIBRAA7",2025-03-13,2025-03-13 16:04:43,6d ago,Kalau rumus good mood kalian gimana Squad? #Somethinc  #PakaiSomethinc  #SkincareCowok  ,"#Somethinc , #PakaiSomethinc , #SkincareCowok ",original sound  - Dimsum Go,263,2,14,35
https://www.tiktok.com/@somethincofficial/video/7478514168920853778,7478514168920853778,somethincofficial,36.9K,"data:image/gif;base64,R0lGODlhAQABAIAAAAAAAP///yH5BAEAAAAALAAAAAABAAEAAAIBRAA7",2025-03-13,2025-03-13 16:05:14,1w ago,Bibir tetap cantik & stay hydrated selama puasa pakai Forever Stay Comfort Lip Glaze!💄💋 #Somethinc  #PakaiSomethinc  #RamadanEkstraSeru  ,"#Somethinc , #PakaiSomethinc , #RamadanEkstraSeru ",i dont know WHY 2024 Private mix - GREAT Alpha 🇮🇩,335,5,18,33
https://www.tiktok.com/@somethincofficial/video/7478339384257858824,7478339384257858824,somethincofficial,129.7K,"data:image/gif;base64,R0lGODlhAQABAIAAAAAAAP///yH5BAEAAAAALAAAAAABAAEAAAIBRAA7",2025-03-13,2025-03-13 16:05:48,1w ago,Cualamitan met met. Tag temen kamu yang apa-apa minta!😝 #Somethinc  #PakaiSomethinc  #RamadanEkstraSeru  ,"#Somethinc , #PakaiSomethinc , #RamadanEkstraSeru ",Funny lazy donkey (hilarious song)(937200) - LEOPARD,385,7,6,34
https://www.tiktok.com/@somethincofficial/video/7478312632525573431,7478312632525573431,somethincofficial,128.8K,https://p16-sign-va.tiktokcdn.com/obj/tos-maliva-p-0068/o4ECAJ7fDIUnFBAiE2beRTDDQE4EJuACqTyjIA?lk3s=81f88b70&x-expires=1742025600&x-signature=zHL9HdC1MAy5J3HD19udwkp%2FXqQ%3D&shp=81f88b70&shcp=-,2025-03-13,2025-03-13 16:06:20,1w ago,Mendingan ditipu sama yang mana Squad? ☝️😭 #Somethinc  #PakaiSomethinc  #SkincareCowok  ,"#Somethinc , #PakaiSomethinc , #SkincareCowok ",suara asli  - Kiky RMX,249,5,15,26
https://www.tiktok.com/@somethincofficial/video/7478306288749776136,7478306288749776136,somethincofficial,18.6K,https://p16-sign-sg.tiktokcdn.com/obj/tos-alisg-p-0037/oILffAWfIAs4McrAIufRGMjSgVQeQYdAiGSAIG?lk3s=81f88b70&x-expires=1742025600&x-signature=VvuknTyvxqYANaX%2BHne2152r3Ak%3D&shp=81f88b70&shcp=-,2025-03-13,2025-03-13 16:06:52,1w ago,Moisturizer Serbaguna Check!✨ #Somethinc  #PakaiSomethinc  ,"#Somethinc , #PakaiSomethinc ",original sound - Somethinc Official,73,1,2,6
https://www.tiktok.com/@somethincofficial/video/7478298585788960016,7478298585788960016,somethincofficial,27.4K,https://p16-sign-sg.tiktokcdn.com/obj/tos-alisg-p-0037/o4EEIinRECAuBxB9IfXWAcAgigQr5ywfgDDARP?lk3s=81f88b70&x-expires=1742025600&x-signature=sNUv7njmv%2FLHZVXYpAqSiU0Dt%2Fc%3D&shp=81f88b70&shcp=-,2025-03-13,2025-03-13 16:07:23,1w ago,Puasa kulit jadi kering?! NO❌ Asal pakai Calm Down Moisturizer✨ #Somethinc  #PakaiSomethinc  #ramadanekstraseru  ,"#Somethinc , #PakaiSomethinc , #ramadanekstraseru ",Suns - Official Sound Studio,132,0,12,17
https://www.tiktok.com/@somethincofficial/video/7478276761546018049,7478276761546018049,somethincofficial,44.5K,https://p16-sign-sg.tiktokcdn.com/obj/tos-alisg-p-0037/owEFlkEgUnAFEECLDRRRfyf1A0DWBCAIhASnnI?lk3s=81f88b70&x-expires=1742025600&x-signature=Rrup4uI9%2BiI8rPO9irDaQ5bu9Lc%3D&shp=81f88b70&shcp=-,2025-03-13,2025-03-13 16:07:54,1w ago,Siapa yang udah punya 2 shades ini?!🤩✨ #Somethinc  #PakaiSomethinc  #ramadanextraseru  ,"#Somethinc , #PakaiSomethinc , #ramadanextraseru ",Suns - Official Sound Studio,156,10,12,12
https://www.tiktok.com/@somethincofficial/video/7478275068787805447,7478275068787805447,somethincofficial,121.1K,https://p16-sign-sg.tiktokcdn.com/obj/tos-alisg-p-0037/o4D5KEIIBxKXBBK4wif5AEAAviDQAzACazwIcI?lk3s=81f88b70&x-expires=1742025600&x-signature=qCj6YfWXVd6Cp8Z%2B4aXZUaxixao%3D&shp=81f88b70&shcp=-,2025-03-13,2025-03-13 16:08:27,1w ago,"[SERUM 101] Serum Routine di Bulan puasa, sesuai masalah kulit😍✨ #somethinc  #pakaisomethinc  ","#somethinc , #pakaisomethinc ",Joyful Ramadan - Ramol,373,3,27,115
https://www.tiktok.com/@somethincofficial/video/7478274753619332372,7478274753619332372,somethincofficial,12.5K,https://p16-sign-sg.tiktokcdn.com/obj/tos-alisg-p-0037/okttEUR9KDA0K0ArACFeBRnADEbgjCQyI8fPIE?lk3s=81f88b70&x-expires=1742025600&x-signature=o2Zj%2BxUGhIqMJMaEgpoohrCAXZk%3D&shp=81f88b70&shcp=-,2025-03-13,2025-03-13 16:08:58,1w ago,Tips biar kulit tetap Fresh & Glowing saat puasa! 😍🍃 #somethinc  #pakaisomethinc  ,"#somethinc , #pakaisomethinc ",Ramadan Mubarok - TonsTone,55,1,10,4
https://www.tiktok.com/@somethincofficial/video/7478234820733062406,7478234820733062406,somethincofficial,154.8K,"data:image/gif;base64,R0lGODlhAQABAIAAAAAAAP///yH5BAEAAAAALAAAAAABAAEAAAIBRAA7",2025-03-05,2025-03-13 16:11:34,3-5,Jaga kulit kalian tetap terhidrasi ya Squad! #Somethinc  #PakaiSomethinc  #SkincareCowok  ,"#Somethinc , #PakaiSomethinc , #SkincareCowok ",original sound  - ahmadrizqoni | RZQN,223,7,30,29
https://www.tiktok.com/@somethincofficial/video/7477977823257333047,7477977823257333047,somethincofficial,26.9K,"data:image/gif;base64,R0lGODlhAQABAIAAAAAAAP///yH5BAEAAAAALAAAAAABAAEAAAIBRAA7",2025-03-04,2025-03-13 16:12:08,3-4,"Kalau soal Sunscreen, gak boleh pelit irit ya Squad! #Somethinc  #PakaiSomethinc  #SkincareCowok  ","#Somethinc , #PakaiSomethinc , #SkincareCowok ",next door jedag jedug - Zachz Winner,242,3,11,9
https://www.tiktok.com/@somethincofficial/video/7477958381613993223,7477958381613993223,somethincofficial,12.7K,"data:image/gif;base64,R0lGODlhAQABAIAAAAAAAP///yH5BAEAAAAALAAAAAABAAEAAAIBRAA7",2025-03-04,2025-03-13 16:12:39,3-4,Jangan salah pilih SERUM! Sini minthinc bantuin biar kalian gak bingung lagi✨ #Somethinc  #PakaiSomethinc  #ramadanextraseru  ,"#Somethinc , #PakaiSomethinc , #ramadanextraseru ",Suns - Official Sound Studio,58,3,12,15
https://www.tiktok.com/@somethincofficial/video/7477954302678486279,7477954302678486279,somethincofficial,48.8K,"data:image/gif;base64,R0lGODlhAQABAIAAAAAAAP///yH5BAEAAAAALAAAAAABAAEAAAIBRAA7",2025-03-04,2025-03-13 16:13:10,3-4,Somethinc Forever Stay Lip Glaze udah bisa kalian dapetin secara offline🤩✨ #Somethinc  #PakaiSomethinc  #ramadanextraseru  ,"#Somethinc , #PakaiSomethinc , #ramadanextraseru ",original sound - Somethinc Official,749,29,84,58
https://www.tiktok.com/@somethincofficial/video/7477952435080695057,7477952435080695057,somethincofficial,139.1K,"data:image/gif;base64,R0lGODlhAQABAIAAAAAAAP///yH5BAEAAAAALAAAAAABAAEAAAIBRAA7",2025-03-04,2025-03-13 16:13:43,3-4,Bukber tetep slay gak perlu touch up lipstick?!😝💋 #Somethinc  #PakaiSomethinc  #ramadanekstraseru  ,"#Somethinc , #PakaiSomethinc , #ramadanekstraseru ",original sound - Somethinc Official,1814,30,58,143
https://www.tiktok.com/@somethincofficial/video/7477937546807528711,7477937546807528711,somethincofficial,95.1K,"data:image/gif;base64,R0lGODlhAQABAIAAAAAAAP///yH5BAEAAAAALAAAAAABAAEAAAIBRAA7",2025-03-04,2025-03-13 16:14:17,3-4,Kapan lagi THR dari Somethinc. Jangan sampai ketinggalan!✨💜 #Somethinc  #PakaiSomethinc  #RamadanEkstraSeru ,"#Somethinc , #PakaiSomethinc , #RamadanEkstraSeru ",Quirky - Oleg Kirilkov,537,7,25,48
https://www.tiktok.com/@somethincofficial/video/7477892550758501650,7477892550758501650,somethincofficial,71.2K,"data:image/gif;base64,R0lGODlhAQABAIAAAAAAAP///yH5BAEAAAAALAAAAAABAAEAAAIBRAA7",2025-03-04,2025-03-13 16:14:48,3-4,Udah pada coba Moisturizer ini belum? Cobain deh!!!😍🍃 #somethinc  #pakaisomethinc  ,"#somethinc , #pakaisomethinc ",Funny Comedy - Bwd sound,195,3,17,13
https://www.tiktok.com/@somethincofficial/video/7477891933638069525,7477891933638069525,somethincofficial,30.3K,"data:image/gif;base64,R0lGODlhAQABAIAAAAAAAP///yH5BAEAAAAALAAAAAABAAEAAAIBRAA7",2025-03-04,2025-03-13 16:15:19,3-4,"2 shades lip glaze udah SOLD OUT?!!! Kata Minthinc checkout sekarang sih, mumpung masih ada👀😱 #somethinc  #pakaisomethinc  ","#somethinc , #pakaisomethinc ",Love You So - The King Khan & BBQ Show,123,3,34,35
https://www.tiktok.com/@somethincofficial/video/7477865173735329029,7477865173735329029,somethincofficial,12.3K,"data:image/gif;base64,R0lGODlhAQABAIAAAAAAAP///yH5BAEAAAAALAAAAAABAAEAAAIBRAA7",2025-03-04,2025-03-13 16:15:50,3-4,Salah satu combo terbaik yang harus kalian coba!! #Somethinc  #PakaiSomethinc  #SkincareCowok  ,"#Somethinc , #PakaiSomethinc , #SkincareCowok ",original sound - jasmyn,40,3,6,7
https://www.tiktok.com/@somethincofficial/video/7477766290887691575,7477766290887691575,somethincofficial,122.7K,"data:image/gif;base64,R0lGODlhAQABAIAAAAAAAP///yH5BAEAAAAALAAAAAABAAEAAAIBRAA7",2025-03-04,2025-03-13 16:16:21,3-4,Udah pada follow Minthinc belum nih?? #Somethinc  #PakaiSomethinc  #SkincareCowok  ,"#Somethinc , #PakaiSomethinc , #SkincareCowok ",tob tobi tob - wsszx.7,387,5,7,27
https://www.tiktok.com/@somethincofficial/video/7477615983088110856,7477615983088110856,somethincofficial,77.1K,https://p16-sign-sg.tiktokcdn.com/obj/tos-alisg-p-0037/ooIIxGLj9IGSD0AAheAAeEIsPMQHjSlDoACPfE?lk3s=81f88b70&x-expires=1742025600&x-signature=tIEu3rAhbjlOkv7JcTqqRFUoO%2Fs%3D&shp=81f88b70&shcp=-,2025-03-03,2025-03-13 16:16:53,3-3,Kulit moody pas hamil? No worries karena ada Calm Down Moisturizer🤰💜 #Somethinc  #PakaiSomethinc  #RamadanExtraSeru ,"#Somethinc , #PakaiSomethinc , #RamadanExtraSeru ",original sound - MorningLightMusic,198,2,9,23
https://www.tiktok.com/@somethincofficial/video/7477611367923535109,7477611367923535109,somethincofficial,166.4K,https://p16-sign-va.tiktokcdn.com/obj/tos-maliva-p-0068/oYAAyIzWfKACnehWAGRGGI4FLAfIIQeMfiB4LM?lk3s=81f88b70&x-expires=1742025600&x-signature=vGkEx3fkckBhmJIX1ccCSCvvJaI%3D&shp=81f88b70&shcp=-,2025-03-03,2025-03-13 16:17:24,3-3,Siapa lagi nih yang mau ketemu Minthinc?? #Somethinc  #PakaiSomethinc  #SkincareCowok  ,"#Somethinc , #PakaiSomethinc , #SkincareCowok ",suara asli  - najlaa,698,13,30,49
https://www.tiktok.com/@somethincofficial/video/7477525800602914056,7477525800602914056,somethincofficial,11.4K,https://p16-sign-sg.tiktokcdn.com/obj/tos-alisg-p-0037/ogDQEoEDAufDOe7AgPwFIlZIhAFkbjAiseEYaA?lk3s=81f88b70&x-expires=1742025600&x-signature=LX7wXIARQB6jmlbV9PXuqILppEc%3D&shp=81f88b70&shcp=-,2025-03-03,2025-03-13 16:17:55,3-3,Skincare Gudie bumil friendly versi Somethinc✨💜 #Somethinc  #PakaiSomethinc  ,"#Somethinc , #PakaiSomethinc ",som original - No-Copy Soundtracks,49,0,3,8
https://www.tiktok.com/@somethincofficial/video/7477524999058902288,7477524999058902288,somethincofficial,249K,https://p16-sign-sg.tiktokcdn.com/obj/tos-alisg-p-0037/osAoAfHrBADziAtC1FigsBEW4BKIspIw3vIoCA?lk3s=81f88b70&x-expires=1742025600&x-signature=yuhdgP%2FwB91wdQUOlHfFPGJ6xaE%3D&shp=81f88b70&shcp=-,2025-03-03,2025-03-13 16:18:26,3-3,"Rekomendasi Lippies untuk Bukber!💋 cus, checkout di keranjang kuning💜 #somethinc  #pakaisomethinc  ","#somethinc , #pakaisomethinc ",Joyful Ramadan - Ramol,1268,33,187,451
https://www.tiktok.com/@somethincofficial/video/7477524751229914375,7477524751229914375,somethincofficial,18.1K,https://p16-sign-sg.tiktokcdn.com/obj/tos-alisg-p-0037/osPgzY0ZABgU89SBAoEBEFKHliWD28AiAIAAi?lk3s=81f88b70&x-expires=1742025600&x-signature=wDKQdCnR1OacKwHhSAIRoxJ3HS4%3D&shp=81f88b70&shcp=-,2025-03-03,2025-03-13 16:18:58,3-3,GIMANA CARA HAPUS LIP GLAZE KALAU SETAHAN INI?! 😱💋 #somethinc  #pakaisomethinc  ,"#somethinc , #pakaisomethinc ",Viral - Aron xxx,66,4,30,10
https://www.tiktok.com/@somethincofficial/video/7477432359432899858,7477432359432899858,somethincofficial,206.9K,https://p16-sign-sg.tiktokcdn.com/obj/tos-alisg-p-0037/oISCAAmfDFhnFBAxE0SIRLfDgEBEUaAMIKx5IA?lk3s=81f88b70&x-expires=1742025600&x-signature=31UQNB7TNEFbketX%2B%2BYpsXtYcAA%3D&shp=81f88b70&shcp=-,2025-03-03,2025-03-13 16:19:29,3-3,Puasa harus tetap tenang & kalem ya Squad✨💜 #Somethinc  #PakaiSomethinc  ,"#Somethinc , #PakaiSomethinc ",Funny - FASSounds,688,11,16,50
https://www.tiktok.com/@somethincofficial/video/7477429352548846866,7477429352548846866,somethincofficial,291.3K,https://p16-sign-sg.tiktokcdn.com/tos-alisg-p-0037/o4IEpIAzQ4FKTiVA053BmwBCq0AfAoB8SIzoip~tplv-dmt-logom:tos-alisg-i-0068/okGRDEguIrnAvUEMQCKAbUFAVxGyVBfSguAepn.image?lk3s=81f88b70&x-expires=1742025600&x-signature=%2F3wneXlEF4ntSPsnPN8OUR67trc%3D&shp=81f88b70&shcp=-,2025-03-03,2025-03-13 16:20:00,3-3,Kalian punya uang 193 T mau beli apa Squad?🤭 #Somethinc  #PakaiSomethinc  ,"#Somethinc , #PakaiSomethinc ",original sound - yung kai,448,17,39,42
https://www.tiktok.com/@somethincofficial/video/7477224717695470853,7477224717695470853,somethincofficial,287.4K,https://p16-sign-va.tiktokcdn.com/obj/tos-maliva-p-0068/oYIAInoEXCHAuQRbrpQAGFEBB4DkGxAeHfaHIJ?lk3s=81f88b70&x-expires=1742025600&x-signature=jXG6myAFwWQ2MNe3tL8TUwq7S3A%3D&shp=81f88b70&shcp=-,2025-03-02,2025-03-13 16:20:33,3-2,Kok ngga nunggu gajian dulu deh habisnya? 🫵😭 #Somethinc  #SkincareCowok  #PakaiSomethinc  ,"#Somethinc , #SkincareCowok , #PakaiSomethinc ",original sound  - Festomic,402,7,31,57
https://www.tiktok.com/@somethincofficial/video/7477163919040171281,7477163919040171281,somethincofficial,149.5K,"data:image/gif;base64,R0lGODlhAQABAIAAAAAAAP///yH5BAEAAAAALAAAAAABAAEAAAIBRAA7",2025-03-02,2025-03-13 16:21:04,3-2,Jawab Cepat Edisi Ramadan!🌙✨ #Somethinc  #PakaiSomethinc  ,"#Somethinc , #PakaiSomethinc ","Funny video ""Carmen Prelude"" Arranging weakness(836530) - yo suzuki(akisai)",592,11,17,30
https://www.tiktok.com/@somethincofficial/video/7477125597672590593,7477125597672590593,somethincofficial,16.1K,"data:image/gif;base64,R0lGODlhAQABAIAAAAAAAP///yH5BAEAAAAALAAAAAABAAEAAAIBRAA7",2025-03-02,2025-03-13 16:23:17,3-2,Rekomendasi Skincare untuk Bumil! 🤰🏻✨ #somethinc  #pakaisomethinc  ,"#somethinc , #pakaisomethinc ",Dance It Up - Muspace Lofi,111,1,6,40
https://www.tiktok.com/@somethincofficial/video/7477059508561300744,7477059508561300744,somethincofficial,92.5K,"data:image/gif;base64,R0lGODlhAQABAIAAAAAAAP///yH5BAEAAAAALAAAAAABAAEAAAIBRAA7",2025-03-02,2025-03-13 16:23:50,3-2,"Jangan ya Squad, bahaya🤫#Somethinc  #PakaiSomethinc  ","#Somethinc , #PakaiSomethinc ",Funk it up - Official Sound Studio,315,5,26,21
https://www.tiktok.com/@somethincofficial/video/7476859478999043336,7476859478999043336,somethincofficial,101.2K,"data:image/gif;base64,R0lGODlhAQABAIAAAAAAAP///yH5BAEAAAAALAAAAAABAAEAAAIBRAA7",2025-03-01,2025-03-13 16:24:23,3-1,"Kulit tetep kalem, lembab & terhidrasi selama bulan puasa?! Pakai moisturizer yang satu ini dong!✨ #Somethinc  #PakaiSomethinc  ","#Somethinc , #PakaiSomethinc ",Swear By It - Chris Alan Lee,356,9,39,39
https://www.tiktok.com/@somethincofficial/video/7476774458351504661,7476774458351504661,somethincofficial,241.9K,"data:image/gif;base64,R0lGODlhAQABAIAAAAAAAP///yH5BAEAAAAALAAAAAABAAEAAAIBRAA7",2025-03-01,2025-03-13 16:24:55,3-1,Skincare Smoothies biar kulit tetap lembab & glowing selama Bulan Ramadan!✨🍃#somethinc  #pakaisomethinc  ,"#somethinc , #pakaisomethinc ",original sound  - Somethinc Official,724,18,27,130
https://www.tiktok.com/@somethincofficial/video/7476772035423702277,7476772035423702277,somethincofficial,13.8K,"data:image/gif;base64,R0lGODlhAQABAIAAAAAAAP///yH5BAEAAAAALAAAAAABAAEAAAIBRAA7",2025-03-01,2025-03-13 16:25:28,3-1,Sisanya tinggal rebutan Takjil 🙏🙏 #Somethinc  #PakaiSomethinc  #SkincareCowok  ,"#Somethinc , #PakaiSomethinc , #SkincareCowok ",original sound  - gwyn,71,4,9,8
https://www.tiktok.com/@somethincofficial/video/7476703274192735496,7476703274192735496,somethincofficial,18.7K,"data:image/gif;base64,R0lGODlhAQABAIAAAAAAAP///yH5BAEAAAAALAAAAAABAAEAAAIBRAA7",2025-03-01,2025-03-13 16:25:59,3-1,Replying to @crlyn  ini ya Squad. Cus checkout di oren sekarang💜✨ #Somethinc  #PakaiSomethinc  ,"#Somethinc , #PakaiSomethinc ",Intergalactic Janet - Ley Soul,132,17,15,48
https://www.tiktok.com/@somethincofficial/video/7476486259574066449,7476486259574066449,somethincofficial,29.4K,"data:image/gif;base64,R0lGODlhAQABAIAAAAAAAP///yH5BAEAAAAALAAAAAABAAEAAAIBRAA7",2025-02-28,2025-03-13 16:26:30,2-28,"Meskipun perut krubuk-krubuk, tetep semangat puasanya ya Squad!😝💜 #Somethinc  #PakaiSomethinc  ","#Somethinc , #PakaiSomethinc ",original sound - Somethinc Official,72,10,34,15
https://www.tiktok.com/@somethincofficial/video/7476485797626006801,7476485797626006801,somethincofficial,72.8K,https://p16-sign-sg.tiktokcdn.com/obj/tos-alisg-p-0037/ocBVEAlEA4B15AAHuBr0oDAlioZvlSYvQi8IE?lk3s=81f88b70&x-expires=1742025600&x-signature=7z6K86fYSNEDUZt4cx9nBFjlUvw%3D&shp=81f88b70&shcp=-,2025-02-28,2025-03-13 16:27:02,2-28,Replying to @rose🎖️  Ini dia contekan ombre lipsnya😍✨ Semoga membantu Squad!💜 #Somethinc  #PakaiSomethinc  ,"#Somethinc , #PakaiSomethinc ",original sound - Somethinc Official,538,36,79,242
https://www.tiktok.com/@somethincofficial/video/7476470476554947858,7476470476554947858,somethincofficial,925.3K,https://p16-sign-sg.tiktokcdn.com/obj/tos-alisg-p-0037/o4gjSoPA4ULxeHIDGDgklgLeOrSCFAeCIhIEwJ?lk3s=81f88b70&x-expires=1742025600&x-signature=mP3N%2BKJXQBmyrKG6BvKJKIAwMck%3D&shp=81f88b70&shcp=-,2025-02-28,2025-03-13 16:27:35,2-28,Satu aja gak cukup shay😘💜 #Somethinc  #PakaiSomethinc  ,"#Somethinc , #PakaiSomethinc ",DJ KOMANG CRY JEDAG JEDUG - DjKomangRimex,3074,65,131,282
https://www.tiktok.com/@somethincofficial/video/7476423646999874871,7476423646999874871,somethincofficial,20.2K,https://p16-sign-va.tiktokcdn.com/obj/tos-maliva-p-0068/okQBze9IAejAAImEhELPAlDGgsSGACM7eygINT?lk3s=81f88b70&x-expires=1742025600&x-signature=srIiYYDrigQekTVSXI31Mq%2Bk4hI%3D&shp=81f88b70&shcp=-,2025-02-28,2025-03-13 16:28:06,2-28,"Disaat doi bikin ngga tenang, ada Calm Down yang bisa nenangin ☝️🥺 #SkincareCowok  #Somethinc  #PakaiSomethinc  ","#SkincareCowok , #Somethinc , #PakaiSomethinc ",suono originale - 𝙎𝙊𝙁𝙏𝙇𝙔,39,2,1,8
https://www.tiktok.com/@somethincofficial/video/7476399507140381953,7476399507140381953,somethincofficial,872K,https://p16-sign-sg.tiktokcdn.com/obj/tos-alisg-p-0037/owviZAAYB4iABGDBAwEEIwVsAuVdg0BLdy8nQ?lk3s=81f88b70&x-expires=1742025600&x-signature=DMLAcAwIzevbjnqULlsI8Lg6hFI%3D&shp=81f88b70&shcp=-,2025-02-28,2025-03-13 16:28:37,2-28,Jangan asal pilih lippies⚠️ Sini minthinc kasih contekan biar kalian gak bingung lagi😍✨ #Somethinc  #PakaiSomethinc  ,"#Somethinc , #PakaiSomethinc ",GUCI GENG MELODY ANDALAN HUDACARO - Caro,11.4K,129,690,5328
https://www.tiktok.com/@somethincofficial/video/7476389736131644680,7476389736131644680,somethincofficial,16.5K,https://p16-sign-sg.tiktokcdn.com/obj/tos-alisg-p-0037/ocAEAf0gDBGnFATEdCEeXgINwCUQkGFgg1RwjA?lk3s=81f88b70&x-expires=1742025600&x-signature=Oeer14lMK8DAtUgrmIyR6Ilw4pE%3D&shp=81f88b70&shcp=-,2025-02-28,2025-03-13 16:29:09,2-28,Tanghulu Lips cuma pakai Ceraplump + Lip Glaze langsung juicy lips seharian✨🍡 #Somethinc  #PakaiSomethinc  ,"#Somethinc , #PakaiSomethinc ",Écoute chérie - ★,90,5,9,15
https://www.tiktok.com/@somethincofficial/video/7476354790767758613,7476354790767758613,somethincofficial,116.9K,https://p16-sign-sg.tiktokcdn.com/obj/tos-alisg-p-0037/oUZEEABERlICAGBA6RiWD2iZzFAAnqpLYv0B8?lk3s=81f88b70&x-expires=1742025600&x-signature=VSUCpaLFR9abxUfbdaH2ojjT1zo%3D&shp=81f88b70&shcp=-,2025-02-28,2025-03-13 16:29:40,2-28,"Siapin yang bikin segar, biar kuat puasanya😝🥰 #somethinc  #pakaisomethinc  ","#somethinc , #pakaisomethinc ",Happy Ramadan - Ramol,339,11,12,44
https://www.tiktok.com/@somethincofficial/video/7476311137294847240,7476311137294847240,somethincofficial,303.7K,https://p16-sign-sg.tiktokcdn.com/obj/tos-alisg-p-0037/ocqiEKn6yBAWM2AUAJi8AIzADCiw0BV4IDfYBi?lk3s=81f88b70&x-expires=1742025600&x-signature=soquHv42279X5oOOqfEUCOH5wUw%3D&shp=81f88b70&shcp=-,2025-02-28,2025-03-13 16:30:14,2-28,"Replying to @ndaaftrnv  next ombre shades apa lagi ya? Ada saran, coba komen!👀💋 #somethinc  #pakaisomethinc  ","#somethinc , #pakaisomethinc ","K-POP, BLACKPINK track - Daisuke""D.I""Imai",1620,35,134,700
https://www.tiktok.com/@somethincofficial/video/7476133541617749303,7476133541617749303,somethincofficial,14.5K,https://p16-sign-va.tiktokcdn.com/obj/tos-maliva-p-0068/oMWEBpfDJIkfRvnEwMsOGwnJBCzANEmAFAAaQQ?lk3s=81f88b70&x-expires=1742025600&x-signature=NLvTodrr1YM0VHxI55RKJSOEbTc%3D&shp=81f88b70&shcp=-,2025-02-27,2025-03-13 16:30:47,2-27,Semua masalah kulit? IYA!! #Somethinc  #PakaiSomethinc  ,"#Somethinc , #PakaiSomethinc ",Aesthetic Coffee - Febri Handika,41,11,17,6
https://www.tiktok.com/@somethincofficial/video/7476090038460108087,7476090038460108087,somethincofficial,9916,"data:image/gif;base64,R0lGODlhAQABAIAAAAAAAP///yH5BAEAAAAALAAAAAABAAEAAAIBRAA7",2025-02-27,2025-03-13 16:31:18,2-27,Bener gini ngga Squad?? 😆😆 #Somethinc  #PakaiSomethinc  ,"#Somethinc , #PakaiSomethinc ",original sound - Yasu - Y.C.K. Food Products,29,7,2,4
https://www.tiktok.com/@somethincofficial/video/7476037453409750280,7476037453409750280,somethincofficial,135.3K,"data:image/gif;base64,R0lGODlhAQABAIAAAAAAAP///yH5BAEAAAAALAAAAAABAAEAAAIBRAA7",2025-02-27,2025-03-13 16:31:49,2-27,Kalau kamu tim shade apa Squad?😋💜 #Somethinc  #PakaiSomethinc  ,"#Somethinc , #PakaiSomethinc ",original sound - songs,362,9,6,23
https://www.tiktok.com/@somethincofficial/video/7476020626310827272,7476020626310827272,somethincofficial,133.2K,"data:image/gif;base64,R0lGODlhAQABAIAAAAAAAP///yH5BAEAAAAALAAAAAABAAEAAAIBRAA7",2025-02-27,2025-03-13 16:32:21,2-27,"Sama-sama transferproof tapi beda finish, jadi kamu tim yang mana?👀💋 #somethinc  #pakaisomethinc  ","#somethinc , #pakaisomethinc ",original sound - songs,233,8,10,29
https://www.tiktok.com/@somethincofficial/video/7475977622984379655,7475977622984379655,somethincofficial,180.5K,"data:image/gif;base64,R0lGODlhAQABAIAAAAAAAP///yH5BAEAAAAALAAAAAABAAEAAAIBRAA7",2025-02-27,2025-03-13 16:32:52,2-27,Kira-kira shades mana nih yang cocok sama Undertone kalian?👀🤔💋 #somethinc  #pakaisomethinc  ,"#somethinc , #pakaisomethinc ",KU TAK TAU MENGAPA - ADMIN 🎧,561,24,29,69
https://www.tiktok.com/@somethincofficial/video/7475712344941792513,7475712344941792513,somethincofficial,344.1K,"data:image/gif;base64,R0lGODlhAQABAIAAAAAAAP///yH5BAEAAAAALAAAAAABAAEAAAIBRAA7",2025-02-26,2025-03-13 16:33:47,2-26,Replying to @tryan  TONTON SAMPAI AKHIR!! Kalo kalian masih bingung pilih shade Lip Glaze!💋✨,N/A,Suns - Official Sound Studio,1846,46,143,638
https://www.tiktok.com/@somethincofficial/video/7475652295372328198,7475652295372328198,somethincofficial,19.1K,https://p16-sign-va.tiktokcdn.com/obj/tos-maliva-p-0068/oEAByonbAtREEogEFtAFvIQD9QeJvAnCgCfrFt?lk3s=81f88b70&x-expires=1742025600&x-signature=Ueihm2a7idktSQmcbz%2BLd%2BdAy7o%3D&shp=81f88b70&shcp=-,2025-02-26,2025-03-13 16:34:18,2-26,"Terapin, dan rasain sendiri si kusam itu hilang dari muka lo! #Somethinc  #PakaiSomethinc  ","#Somethinc , #PakaiSomethinc ",original sound - notjaneblake,50,7,9,12
https://www.tiktok.com/@somethincofficial/video/7475601266777853191,7475601266777853191,somethincofficial,358.1K,https://p16-sign-sg.tiktokcdn.com/obj/tos-alisg-p-0037/ogHq8EAcjIAM2Ae9AiAmQqIeeeiFNSMgwGaMeL?lk3s=81f88b70&x-expires=1742025600&x-signature=dS2YWKI67ZQAMOs%2BnL92GLsgk9s%3D&shp=81f88b70&shcp=-,2025-02-26,2025-03-13 16:34:49,2-26,Tim Bibir Glossy tapi males retouch? Cobain Lip Glaze ini deh!👀💋 #somethinc  #pakaisomethinc  ,"#somethinc , #pakaisomethinc ",original sound  - Somethinc Official,1131,43,55,108
https://www.tiktok.com/@somethincofficial/video/7475387593455144197,7475387593455144197,somethincofficial,14.1K,https://p16-sign-va.tiktokcdn.com/obj/tos-maliva-p-0068/oMzAEi9b2BsEvAiI5g3ISW0AA3CEodfCpS6Bir?lk3s=81f88b70&x-expires=1742025600&x-signature=6RLWeW9FTYfDGYeXBQRDK6If1Jo%3D&shp=81f88b70&shcp=-,2025-02-25,2025-03-13 16:35:24,2-25,Minthinc gak akan close close itu foto ☝️🥰 #Somethinc  #PakaiSomethinc  ,"#Somethinc , #PakaiSomethinc ",Relaxed (Sped Up) - MC Mablo Dos Paredões,126,6,16,7
https://www.tiktok.com/@somethincofficial/video/7475386421474282758,7475386421474282758,somethincofficial,6786,"data:image/gif;base64,R0lGODlhAQABAIAAAAAAAP///yH5BAEAAAAALAAAAAABAAEAAAIBRAA7",2025-02-25,2025-03-13 16:35:57,2-25,Beli sendiri 🫵🫵🫵 #Somethinc  #PakaiSomethinc  ,"#Somethinc , #PakaiSomethinc ",original sound - 🤠🤠,35,3,4,6
https://www.tiktok.com/@somethincofficial/video/7475365670998265106,7475365670998265106,somethincofficial,244K,"data:image/gif;base64,R0lGODlhAQABAIAAAAAAAP///yH5BAEAAAAALAAAAAABAAEAAAIBRAA7",2025-02-25,2025-03-13 16:36:28,2-25,"Kiss-proof, smudge-proof, worry-proof! Which shade is your fave? Drop your answer in the comments! ⬇️💋 #Somethinc  #PakaiSomethinc  ","#Somethinc , #PakaiSomethinc ",sonido original - JEI AM MUSIC,539,26,38,77
https://www.tiktok.com/@somethincofficial/video/7475347402346515720,7475347402346515720,somethincofficial,271.1K,"data:image/gif;base64,R0lGODlhAQABAIAAAAAAAP///yH5BAEAAAAALAAAAAABAAEAAAIBRAA7",2025-02-25,2025-03-13 16:37:01,2-25,Highly pigmented & extremely comfortable! Somethinc knows what you need!🫦✨ #Somethinc  #PakaiSomethinc  ,"#Somethinc , #PakaiSomethinc ",suara asli - ᴘᴛʀᴀ ft 𝗔𝗣 - ≠ptranofps,824,10,23,46
https://www.tiktok.com/@somethincofficial/video/7475306635137764625,7475306635137764625,somethincofficial,18.7K,"data:image/gif;base64,R0lGODlhAQABAIAAAAAAAP///yH5BAEAAAAALAAAAAABAAEAAAIBRAA7",2025-02-25,2025-03-13 16:37:33,2-25,Sama-sama jerawat tapi apa sih bedanya Breakout dengan Purging? Tonton sampai habis!😍 #somethinc  #pakaisomethinc  ,"#somethinc , #pakaisomethinc ",Kyoto City Night - SPEARS69 & Satria Petir & Eko Ardian,75,9,19,17
https://www.tiktok.com/@somethincofficial/video/7475305101675056391,7475305101675056391,somethincofficial,244.4K,"data:image/gif;base64,R0lGODlhAQABAIAAAAAAAP///yH5BAEAAAAALAAAAAABAAEAAAIBRAA7",2025-02-25,2025-03-13 16:38:06,2-25,Kalau bisa semuanya kenapa harus pilih satu? 👀💋 #somethinc  #pakaisomethinc  ,"#somethinc , #pakaisomethinc ",original sound  - Somethinc Official,1197,49,34,163
https://www.tiktok.com/@somethincofficial/video/7475256730868256016,7475256730868256016,somethincofficial,14.2K,"data:image/gif;base64,R0lGODlhAQABAIAAAAAAAP///yH5BAEAAAAALAAAAAABAAEAAAIBRAA7",2025-02-25,2025-03-13 16:38:37,2-25,"Cium kertas ganteng, kira-kira transfer gak yaaa?!😭🔥 #Somethinc  #PakaiSomethinc  ","#Somethinc , #PakaiSomethinc ",original sound - Somethinc Official,139,12,8,17
https://www.tiktok.com/@somethincofficial/video/7474991785186528520,7474991785186528520,somethincofficial,114.6K,"data:image/gif;base64,R0lGODlhAQABAIAAAAAAAP///yH5BAEAAAAALAAAAAABAAEAAAIBRAA7",2025-02-24,2025-03-13 16:39:10,2-24,"YES, IT’S HERE! 💄 Forever Stay Comfort Lip Glaze sudah bisa dicheckout di Official Toko Oren Somethinc💋 #Somethinc  #PakaiSomethinc  ","#Somethinc , #PakaiSomethinc ",original sound - haniaପଓ,693,29,19,52
https://www.tiktok.com/@somethincofficial/video/7474986163594464530,7474986163594464530,somethincofficial,111.1K,"data:image/gif;base64,R0lGODlhAQABAIAAAAAAAP///yH5BAEAAAAALAAAAAABAAEAAAIBRAA7",2025-02-24,2025-03-13 16:39:41,2-24,Dark lips & two toned? No problem! Forever Stay Comfort Lip Glaze is finally here✨💜 #Somethinc  #PakaiSomethinc  ,"#Somethinc , #PakaiSomethinc ",suara asli  - astrooo🪐,588,36,30,80
https://www.tiktok.com/@somethincofficial/video/7474954436440362258,7474954436440362258,somethincofficial,137.8K,"data:image/gif;base64,R0lGODlhAQABAIAAAAAAAP///yH5BAEAAAAALAAAAAABAAEAAAIBRAA7",2025-02-24,2025-03-13 16:40:14,2-24,Calm Down Moisturizer bisa apa aja sih?👀🤔 #somethinc  #pakaisomethinc  ,"#somethinc , #pakaisomethinc ",Relaxed (Sped Up) - MC Mablo Dos Paredões,269,12,31,46
https://www.tiktok.com/@somethincofficial/video/7474953379710749970,7474953379710749970,somethincofficial,107.8K,https://p16-sign-sg.tiktokcdn.com/obj/tos-alisg-p-0037/o4AA4F9C6vEQDvwARfxCFSEggUEeBFAQwn36II?lk3s=81f88b70&x-expires=1742025600&x-signature=YJpSilL0QmY697t3%2Bz45dS3pEaU%3D&shp=81f88b70&shcp=-,2025-02-24,2025-03-13 16:40:46,2-24,"Dimana lagi kalian bisa nemuin Lip Glaze kayak gini?! Checkout Sekarang sih, keburu sold💋🙏🏻 #somethinc  #pakaisomethinc  ","#somethinc , #pakaisomethinc ",France Accordion Swing - MIZUSATO Masaki,1157,49,54,205
https://www.tiktok.com/@somethincofficial/video/7474950571363929350,7474950571363929350,somethincofficial,431.9K,https://p16-sign-va.tiktokcdn.com/obj/tos-maliva-p-0068/ogqKA4fIWpI58AfeAxAQMtsLQeFsRTiIKGeRAa?lk3s=81f88b70&x-expires=1742025600&x-signature=DT6wyB1Y0K6gP2cCoW%2FzSajFpA8%3D&shp=81f88b70&shcp=-,2025-02-24,2025-03-13 16:41:17,2-24,Emang boleh se GLOSSY & se STAY ini? 😍 #Somethinc  FOREVER STAY Comfort Lip Glaze 💋,#Somethinc ,Gwiyomi song - Hari,1546,56,218,722
https://www.tiktok.com/@somethincofficial/video/7474946342926781712,7474946342926781712,somethincofficial,369.6K,https://p16-sign-sg.tiktokcdn.com/obj/tos-alisg-p-0037/o8hvZcCNAExIlYi7hAEiiOAI8S0A0A3vBBYWl?lk3s=81f88b70&x-expires=1742025600&x-signature=1adCsiYTJJXzN4DINivgPUhwJzY%3D&shp=81f88b70&shcp=-,2025-02-24,2025-03-13 16:41:48,2-24,Makan bar-bar tanpa perlu touch up lipstick?!😝💋 #Somethinc  #PakaiSomethinc  ,"#Somethinc , #PakaiSomethinc ",original sound - Somethinc Official,1251,26,54,193
https://www.tiktok.com/@somethincofficial/video/7474944638219046160,7474944638219046160,somethincofficial,138K,https://p16-sign-sg.tiktokcdn.com/obj/tos-alisg-p-0037/oMAAaxIIEMAeZseeWVLg8rCSe27iKiArGSKMAf?lk3s=81f88b70&x-expires=1742025600&x-signature=d4tnItnIFaCH%2BbzZBzJWDhTNRp0%3D&shp=81f88b70&shcp=-,2025-02-24,2025-03-13 16:42:21,2-24,Beneran TRANSFERPROOF kan guys?!😝 Selamat deh minthinc! #Somethinc  #PakaiSomethinc  ,"#Somethinc , #PakaiSomethinc ",Suns - Official Sound Studio,1091,24,26,80
https://www.tiktok.com/@somethincofficial/video/7474940716800609541,7474940716800609541,somethincofficial,264.9K,https://p16-sign-va.tiktokcdn.com/obj/tos-maliva-p-0068/oMvi3eK8IAzMGnAIAIeIA5RIUKeLELQtejXeAC?lk3s=81f88b70&x-expires=1742025600&x-signature=dTyjtGRAItNsXQqMNTjhT%2FwWqlM%3D&shp=81f88b70&shcp=-,2025-02-24,2025-03-13 16:42:52,2-24,Gimana? Masih takut/ragu ngga Squad? #Somethinc  #PakaiSomethinc  ,"#Somethinc , #PakaiSomethinc ",som original  - ratomilton,502,17,23,93
https://www.tiktok.com/@somethincofficial/video/7474787947095526663,7474787947095526663,somethincofficial,171K,https://p16-sign-sg.tiktokcdn.com/obj/tos-alisg-p-0037/owyArBZ7lYAEBizAViIXC63E2E7APBv6CArRI?lk3s=81f88b70&x-expires=1742025600&x-signature=HvG%2B7FedhRo1c3olUxB80BnKn94%3D&shp=81f88b70&shcp=-,2025-02-24,2025-03-13 16:43:26,2-24,Kenapa sih hal kaya gini aja harus bohong?! 😭 #Somethinc  #PakaiSomethinc  ,"#Somethinc , #PakaiSomethinc ",I Dont Know Why Remix - ReyLimitless [ACRO],911,27,30,78
https://www.tiktok.com/@somethincofficial/video/7474458979402321159,7474458979402321159,somethincofficial,91.1K,https://p16-sign-sg.tiktokcdn.com/obj/tos-alisg-p-0037/oUpCAsafC6KnFBAoEzN5RnZDgEdEUoABafumIA?lk3s=81f88b70&x-expires=1742025600&x-signature=g8ebqQy1RLLz1wN%2B9ZriQ6dhbLw%3D&shp=81f88b70&shcp=-,2025-02-23,2025-03-13 16:44:41,2-23,Formula Lip Glaze beda dari yang lain? 👀🤔 #somethinc  #pakaisomethinc  ,"#somethinc , #pakaisomethinc ",Aesthetic Coffee - Febri Handika,970,35,18,63
https://www.tiktok.com/@somethincofficial/video/7474455974506515730,7474455974506515730,somethincofficial,83.9K,https://p16-sign-sg.tiktokcdn.com/obj/tos-alisg-p-0037/okEiiAZaScoAYUIyTFEAACv7BA6aiJBCm4lqI?lk3s=81f88b70&x-expires=1742025600&x-signature=baaAGGCs17K58%2Bca9DTDXR7NpCE%3D&shp=81f88b70&shcp=-,2025-02-23,2025-03-13 16:45:12,2-23,Lip glaze try-on + the ultimate transfer test! Which shade is your fave? 💋 #Somethinc  #PakaiSomethinc ,"#Somethinc , #PakaiSomethinc ",Écoute chérie - ★,438,23,22,40
https://www.tiktok.com/@somethincofficial/video/7474193451689495824,7474193451689495824,somethincofficial,74.1K,"data:image/gif;base64,R0lGODlhAQABAIAAAAAAAP///yH5BAEAAAAALAAAAAABAAEAAAIBRAA7",2025-02-22,2025-03-13 16:45:43,2-22,Shade mana nih yang jadi inceran kalian? Kasih tau minthinc dong🤩✨ #Somethinc  #PakaiSomethinc  ,"#Somethinc , #PakaiSomethinc ",Suns - Official Sound Studio,634,44,20,49
https://www.tiktok.com/@somethincofficial/video/7474178236465827078,7474178236465827078,somethincofficial,136.3K,"data:image/gif;base64,R0lGODlhAQABAIAAAAAAAP///yH5BAEAAAAALAAAAAABAAEAAAIBRAA7",2025-02-22,2025-03-13 16:46:15,2-22,Glow up aja dulu 🫵🫵 #Somethinc  #PakaiSomethinc  ,"#Somethinc , #PakaiSomethinc ",suara asli - JUAN JB ⚡,206,12,8,12
https://www.tiktok.com/@somethincofficial/video/7474176713858059575,7474176713858059575,somethincofficial,126.8K,"data:image/gif;base64,R0lGODlhAQABAIAAAAAAAP///yH5BAEAAAAALAAAAAABAAEAAAIBRAA7",2025-02-22,2025-03-13 16:46:48,2-22,Kalian udah follow Somethinc belum Squad?? #Somethinc  #PakaiSomethinc  ,"#Somethinc , #PakaiSomethinc ",suara asli  - Template POV/CORE,489,12,25,26
https://www.tiktok.com/@somethincofficial/video/7474081483360177416,7474081483360177416,somethincofficial,196.1K,"data:image/gif;base64,R0lGODlhAQABAIAAAAAAAP///yH5BAEAAAAALAAAAAABAAEAAAIBRAA7",2025-02-22,2025-03-13 16:47:19,2-22,Lip glaze that hangs with you—literally! 🔑💋 #Somethinc  #PakaiSomethinc  ,"#Somethinc , #PakaiSomethinc ",next door jedag jedug - Zachz Winner,3323,124,179,390
https://www.tiktok.com/@somethincofficial/video/7474072968511917320,7474072968511917320,somethincofficial,119.4K,"data:image/gif;base64,R0lGODlhAQABAIAAAAAAAP///yH5BAEAAAAALAAAAAABAAEAAAIBRAA7",2025-02-22,2025-03-13 16:47:50,2-22,PR Package cantik ini khusus buat kamu! Komen buat yang mau!😍💜 #Somethinc  #PakaiSomethinc  ,"#Somethinc , #PakaiSomethinc ",som original - Milton - ratomilton,2107,1273,83,155
https://www.tiktok.com/@somethincofficial/video/7473865164266196229,7473865164266196229,somethincofficial,70.1K,"data:image/gif;base64,R0lGODlhAQABAIAAAAAAAP///yH5BAEAAAAALAAAAAABAAEAAAIBRAA7",2025-02-21,2025-03-13 16:48:24,2-21,"Follow Somethinc, siap siap ketemu Minthinc!! #Somethinc  #PakaiSomethinc  ","#Somethinc , #PakaiSomethinc ",suara asli  - eka,275,10,10,26
https://www.tiktok.com/@somethincofficial/video/7473848252937325841,7473848252937325841,somethincofficial,251K,https://p16-sign-sg.tiktokcdn.com/obj/tos-alisg-p-0037/oYzFtAUBnCc1iqOiiAAH4AEUEBW4fu1gtRIXCe?lk3s=81f88b70&x-expires=1742025600&x-signature=wtBehi5MuFp7gJ%2FsrWrllL0bmZY%3D&shp=81f88b70&shcp=-,2025-02-21,2025-03-13 16:48:55,2-21,Make some noise for our NEW Brand Ambassador... @Bernadya  🎤🌟 #Somethinc  #PakaiSomethinc  ,"#Somethinc , #PakaiSomethinc ",BORN FOR THIS - Foxxi,5021,90,290,103
https://www.tiktok.com/@somethincofficial/video/7473847696122514704,7473847696122514704,somethincofficial,314.4K,https://p16-sign-sg.tiktokcdn.com/obj/tos-alisg-p-0037/oIdEEfHwYglRDeAQAzvEAsCU4BuFI8yBniDOAF?lk3s=81f88b70&x-expires=1742025600&x-signature=t%2FkVt1ipXwTlObiDy5LtiPnpUwY%3D&shp=81f88b70&shcp=-,2025-02-21,2025-03-13 16:49:26,2-21,TRY ON! Forever Stay Comfort Lip Glaze💋✨ #Somethinc  #PakaiSomethinc  ,"#Somethinc , #PakaiSomethinc ",Revival - Dombresky & Noizu & Reblok,5311,166,603,1823
https://www.tiktok.com/@somethincofficial/video/7473803045835476231,7473803045835476231,somethincofficial,102.6K,https://p16-sign-sg.tiktokcdn.com/obj/tos-alisg-p-0037/oIEHrNIgUMAFaEEkFvRb7ufZAhDfBCAQdAJnQw?lk3s=81f88b70&x-expires=1742025600&x-signature=uEbBKrthq7cZi50ilBLaqHQk0lw%3D&shp=81f88b70&shcp=-,2025-02-21,2025-03-13 16:49:57,2-21,Spill Lippies yang dipakai Bernadya👀💋 komen warna favorit kalian apa?! #somethinc  #pakaisomethinc  ,"#somethinc , #pakaisomethinc ","Diet Pepsi slowed - Hi, fashion",2911,35,33,111
https://www.tiktok.com/@somethincofficial/video/7473797996044455176,7473797996044455176,somethincofficial,75.5K,https://p16-sign-sg.tiktokcdn.com/obj/tos-alisg-p-0037/oEQCzAI4HABiwdAYEGCCByd4hKi7I34iEAA5fA?lk3s=81f88b70&x-expires=1742025600&x-signature=PTZMOdJQVcP3djNlp9xW5rYQYEg%3D&shp=81f88b70&shcp=-,2025-02-21,2025-03-13 16:50:28,2-21,"Make some noise for our NEW Brand Ambassador… @Bernadya  🎤🌟  Let’s get up close with the chart-topping singer in 10 questions– plus, she spilled some tea on our 𝘶𝘯𝘴𝘵𝘰𝘱𝘱𝘢𝘣𝘭𝘦 collab!  Say hi to Bernadya in the comments below 👋",N/A,Aesthetic Coffee - Febri Handika,1936,19,29,75
https://www.tiktok.com/@somethincofficial/video/7473738362503843080,7473738362503843080,somethincofficial,174.3K,https://p16-sign-sg.tiktokcdn.com/obj/tos-alisg-p-0037/oIRDXAAhnCBRgHd4CfFEg1D2EuARaZAIEWfAUA?lk3s=81f88b70&x-expires=1742025600&x-signature=9Askvt7ZcJVT1hrDy0UyzOyReGs%3D&shp=81f88b70&shcp=-,2025-02-21,2025-03-13 16:51:00,2-21,Gak takut lippies luntur atau transfer didepan ayang😘💋 #somethinc  #pakaisomethinc  ,"#somethinc , #pakaisomethinc ",Funny lazy donkey (hilarious song)(937200) - LEOPARD,457,8,22,49
https://www.tiktok.com/@somethincofficial/video/7473718574524173586,7473718574524173586,somethincofficial,74.7K,https://p16-sign-sg.tiktokcdn.com/obj/tos-alisg-p-0037/oEHI3wwmDDeb7ohv9KFFAtQEjAlaAN2fIAEPAf?lk3s=81f88b70&x-expires=1742025600&x-signature=SQVzZ9n1DA%2FpylLCN0O0jqJAWrc%3D&shp=81f88b70&shcp=-,2025-02-21,2025-03-13 16:51:31,2-21,"Forever on Stay, forever on Play💜💋 #Somethinc  #PakaiSomethinc  ","#Somethinc , #PakaiSomethinc ",off the record by ive speed ver. - 𐙚,1110,9,49,143
https://www.tiktok.com/@somethincofficial/video/7473709317640785170,7473709317640785170,somethincofficial,103.9K,https://p16-sign-sg.tiktokcdn.com/obj/tos-alisg-p-0037/ogkVA3MEfLEybAwPAEAIj8OFgfCZ4sIoDDeEAH?lk3s=81f88b70&x-expires=1742025600&x-signature=Ouzzq459bL%2FZAKa%2FQsvczq2F2RU%3D&shp=81f88b70&shcp=-,2025-02-21,2025-03-13 16:52:04,2-21,Merem dikit launching produk baru!💜✨ #Somethinc  #PakaiSomethinc  ,"#Somethinc , #PakaiSomethinc ",Beat Way Up - Type Beats Trap,614,10,13,49
https://www.tiktok.com/@somethincofficial/video/7473525867331783991,7473525867331783991,somethincofficial,647.9K,https://p16-sign-va.tiktokcdn.com/obj/tos-maliva-p-0068/owZEPA3EDiIFAMBQN2iTC6iMAdAAUJvrUvWB7?lk3s=81f88b70&x-expires=1742025600&x-signature=ckgzZGgMrnQdXhJa62U3NzQ4nfU%3D&shp=81f88b70&shcp=-,2025-02-20,2025-03-13 16:52:35,2-20,"Sekian, dan terima skincare 🫰🥰 #Somethinc  #PakaiSomethinc  ","#Somethinc , #PakaiSomethinc ",оригинальный звук  - snauzk,2095,20,122,178
https://www.tiktok.com/@somethincofficial/video/7473513258217983238,7473513258217983238,somethincofficial,99.5K,https://p16-sign-va.tiktokcdn.com/obj/tos-maliva-p-0068/oQQ73U5jZPsJdMiLAABAQCVwEu1AiPBEBA7iI?lk3s=81f88b70&x-expires=1742025600&x-signature=QgoKi%2BWB20MM8gOdK0hZdciNsm4%3D&shp=81f88b70&shcp=-,2025-02-20,2025-03-13 16:53:06,2-20,"Kaya kata pepatah, sipaksa dahulu, terbiasa kemudian 🙌🥰😆 #Somethinc  #PakaiSomethinc  ","#Somethinc , #PakaiSomethinc ",True love sped up - Stan :),388,4,22,19
https://www.tiktok.com/@somethincofficial/video/7473470459149880592,7473470459149880592,somethincofficial,240.5K,https://p16-sign-sg.tiktokcdn.com/obj/tos-alisg-p-0037/oYmonoAyIEkCgQABxMnEuDeCtQKyUAAfgACFFR?lk3s=81f88b70&x-expires=1742025600&x-signature=Swaj7RgT6BJJExXKYiaTVIFL4HU%3D&shp=81f88b70&shcp=-,2025-02-20,2025-03-13 16:53:37,2-20,"Forever on PLAY, Forever on STAY! 24.02.25💋✨ #Somethinc  #PakaiSomethinc  ","#Somethinc , #PakaiSomethinc ",Aesthetic Coffee - Febri Handika,3185,96,207,366
https://www.tiktok.com/@somethincofficial/video/7473466886366252305,7473466886366252305,somethincofficial,139.3K,https://p16-sign-sg.tiktokcdn.com/obj/tos-alisg-p-0037/oUBOAnxCPkaEEfFR6RQAvqAUxLgf2dhuAFtITD?lk3s=81f88b70&x-expires=1742025600&x-signature=1KdwEiS3gr7YMoZuhi0k6NR6UvU%3D&shp=81f88b70&shcp=-,2025-02-20,2025-03-13 16:54:09,2-20,[LIKE & SAVE] Shade mana nih squad yang jadi inceran kamu?😚💋✨ #Somethinc  #PakaiSomethinc  ,"#Somethinc , #PakaiSomethinc ",Revival - Dombresky & Noizu & Reblok,843,24,106,250
https://www.tiktok.com/@somethincofficial/video/7473408867171339528,7473408867171339528,somethincofficial,104.8K,"data:image/gif;base64,R0lGODlhAQABAIAAAAAAAP///yH5BAEAAAAALAAAAAABAAEAAAIBRAA7",2025-02-20,2025-03-13 16:56:40,2-20,Siap mengguncang dunia per-Lippies-an! 😍💋 #somethinc  #pakaisomethinc  ,"#somethinc , #pakaisomethinc ",next door jedag jedug - Zachz Winner,1087,24,40,105
https://www.tiktok.com/@somethincofficial/video/7473345921586072839,7473345921586072839,somethincofficial,235.9K,"data:image/gif;base64,R0lGODlhAQABAIAAAAAAAP///yH5BAEAAAAALAAAAAABAAEAAAIBRAA7",2025-02-20,2025-03-13 16:57:15,2-20,Gimana sih cara pakai Serum Jarum Somethinc yang Benar?👀✅ #somethinc  #pakaisomethinc  ,"#somethinc , #pakaisomethinc ",Aesthetic Coffee - Febri Handika,1451,24,29,253
https://www.tiktok.com/@somethincofficial/video/7473172134806785287,7473172134806785287,somethincofficial,95.9K,"data:image/gif;base64,R0lGODlhAQABAIAAAAAAAP///yH5BAEAAAAALAAAAAABAAEAAAIBRAA7",2025-02-19,2025-03-13 16:57:46,2-19,If forever exists… it’s in this lip glaze. 💋✨ #Somethinc  #PakaiSomethinc  ,"#Somethinc , #PakaiSomethinc ",original sound - dylansmovin,594,26,21,47
https://www.tiktok.com/@somethincofficial/video/7473143162635062533,7473143162635062533,somethincofficial,145.6K,"data:image/gif;base64,R0lGODlhAQABAIAAAAAAAP///yH5BAEAAAAALAAAAAABAAEAAAIBRAA7",2025-02-19,2025-03-13 16:58:19,2-19,"Kalau Cewek cewek yang nonton video ini, apa nih yang kalian coret Squad?? #Somethinc  #PakaiSomethinc  ","#Somethinc , #PakaiSomethinc ",love me like you - livsspotifyaudios,571,30,23,15
https://www.tiktok.com/@somethincofficial/video/7473141395243650359,7473141395243650359,somethincofficial,92.1K,"data:image/gif;base64,R0lGODlhAQABAIAAAAAAAP///yH5BAEAAAAALAAAAAABAAEAAAIBRAA7",2025-02-19,2025-03-13 16:58:53,2-19,"One and only, Calm Down Moisturizer 🫶🫠 #Somethinc  #PakaiSomethinc  ","#Somethinc , #PakaiSomethinc ",original sound - ✶,145,3,13,27
https://www.tiktok.com/@somethincofficial/video/7473126787938110727,7473126787938110727,somethincofficial,6084,https://p16-sign-sg.tiktokcdn.com/obj/tos-alisg-p-0037/oAFJIoIGAieDCPhAwP8rIIOQnALezjAaf5EX1A?lk3s=81f88b70&x-expires=1742025600&x-signature=Id9ndfjNm0tDRy%2Bcd3cMN98teMg%3D&shp=81f88b70&shcp=-,2025-02-19,2025-03-13 16:59:24,2-19,Essentials only✨💜 #Somethinc  #PakaiSomethinc  ,"#Somethinc , #PakaiSomethinc ",Intergalactic Janet - Ley Soul,35,1,4,8
https://www.tiktok.com/@somethincofficial/video/7473115785322319120,7473115785322319120,somethincofficial,101.6K,https://p16-sign-sg.tiktokcdn.com/obj/tos-alisg-p-0037/oQ6EAeDeFrfPLDAWI6oyjrrGAI7IoLADtqa9QA?lk3s=81f88b70&x-expires=1742025600&x-signature=VHtyGZXypPdf5bMtr0GomJjlUUI%3D&shp=81f88b70&shcp=-,2025-02-19,2025-03-13 16:59:55,2-19,Bahkan tempatnya aja udah gak sanggup😭🫵🏻💋 #Somethinc  #PakaiSomethinc  ,"#Somethinc , #PakaiSomethinc ",BORN FOR THIS - Foxxi,853,9,20,54
https://www.tiktok.com/@somethincofficial/video/7473114496769199376,7473114496769199376,somethincofficial,225.6K,https://p16-sign-sg.tiktokcdn.com/obj/tos-alisg-p-0037/o8HBABsEvAiuAlJfCwx1BKzh1CIk2ApaiIuBAO?lk3s=81f88b70&x-expires=1742025600&x-signature=1lDmyz8rXNnewX%2FVK%2BdyACQXDR8%3D&shp=81f88b70&shcp=-,2025-02-19,2025-03-13 17:00:28,2-19,Ready to rock those 3D Glazed Lips? 🫦🎸 #Somethinc  #PakaiSomethinc  ,"#Somethinc , #PakaiSomethinc ",Aesthetic Coffee - Febri Handika,739,15,37,51
https://www.tiktok.com/@somethincofficial/video/7473094103534914823,7473094103534914823,somethincofficial,350K,https://p16-sign-sg.tiktokcdn.com/obj/tos-alisg-p-0037/o4AA1FbBOtH4DwgARf4CcFEmgUECBCAIinqYEf?lk3s=81f88b70&x-expires=1742025600&x-signature=8wVYzWvyoISkpZba%2Fb8Q%2BzdlLBc%3D&shp=81f88b70&shcp=-,2025-02-19,2025-03-13 17:00:59,2-19,"Tulis di komen shades apa yang paling kamu incer, Squad! 😍✌🏻✨ #Somethinc  #PakaiSomethinc  #LipGlaze  ","#Somethinc , #PakaiSomethinc , #LipGlaze ",original sound  - Somethinc Official,6573,462,1174,2696
https://www.tiktok.com/@somethincofficial/video/7473067434207956232,7473067434207956232,somethincofficial,185.7K,https://p16-sign-sg.tiktokcdn.com/obj/tos-alisg-p-0037/ocB10SAPPQAAfA4PAhA3IqE18aIC0EDoeMejaX?lk3s=81f88b70&x-expires=1742025600&x-signature=TS6rWmOjLC%2BpAJ4MZzGbt1oU5Ow%3D&shp=81f88b70&shcp=-,2025-02-19,2025-03-13 17:01:31,2-19,Get Ready to GLAZE UP! 24.02.2025💋 #somethinc  #pakaisomethinc  ,"#somethinc , #pakaisomethinc ",Intergalactic Janet - Ley Soul,264,10,28,37
https://www.tiktok.com/@somethincofficial/video/7472991240087260434,7472991240087260434,somethincofficial,147.4K,https://p16-sign-sg.tiktokcdn.com/obj/tos-alisg-p-0037/o0LvfA0PaAVaDVtAIA9sFjyEoYqeQRnAIDeAIG?lk3s=81f88b70&x-expires=1742025600&x-signature=c7EgaulqeZ0XsR0q4sjI7eVdWWk%3D&shp=81f88b70&shcp=-,2025-02-19,2025-03-13 17:02:04,2-19,SOMETHINC BERTINGKAH LAGI!😤🫵🏻 #somethinc  #pakaisomethinc  ,"#somethinc , #pakaisomethinc ",Pop like this Pt. 2 (Sped Up) - prodbycpkshawn,125,15,11,23
https://www.tiktok.com/@somethincofficial/video/7472990312139459847,7472990312139459847,somethincofficial,169.8K,https://p16-sign-sg.tiktokcdn.com/obj/tos-alisg-p-0037/oIE1VAjIIDAfjQFqAPAAtgvRoEFodyaDs9Meel?lk3s=81f88b70&x-expires=1742025600&x-signature=rJ9fC97j9pc%2BBhPYlulxyZJDbgM%3D&shp=81f88b70&shcp=-,2025-02-19,2025-03-13 17:02:35,2-19,"Sending you a sneak peek from our upcoming launch 😏🎶  Forever on PLAY, forever on STAY 🔜 ",N/A,original sound  - Somethinc Official,80,8,4,4
https://www.tiktok.com/@somethincofficial/video/7472767616923340037,7472767616923340037,somethincofficial,380.6K,"data:image/gif;base64,R0lGODlhAQABAIAAAAAAAP///yH5BAEAAAAALAAAAAABAAEAAAIBRAA7",2025-02-18,2025-03-13 17:03:06,2-18,Tag temen cowok kamu yang cuci mukanya kaya gini 🫵🫵 #Somethinc  #PakaiSomethinc  ,"#Somethinc , #PakaiSomethinc ",original sound  - Festomic,1339,82,81,75
https://www.tiktok.com/@somethincofficial/video/7472711316331891969,7472711316331891969,somethincofficial,273K,"data:image/gif;base64,R0lGODlhAQABAIAAAAAAAP///yH5BAEAAAAALAAAAAABAAEAAAIBRAA7",2025-02-18,2025-03-13 17:03:37,2-18,"Bangun-bangun kulit langsung glowing, kalem & lembab🤩💚 #Somethinc  #PakaiSomethinc  ","#Somethinc , #PakaiSomethinc ",BORN FOR THIS - Foxxi,690,13,27,71
https://www.tiktok.com/@somethincofficial/video/7472710401713573137,7472710401713573137,somethincofficial,149.7K,"data:image/gif;base64,R0lGODlhAQABAIAAAAAAAP///yH5BAEAAAAALAAAAAABAAEAAAIBRAA7",2025-02-18,2025-03-13 17:04:11,2-18,COMING SOON | 24.02.2025 💋‼️ #Somethinc  #PakaiSomethinc  ,"#Somethinc , #PakaiSomethinc ",BORN FOR THIS - Foxxi,160,12,30,10
https://www.tiktok.com/@somethincofficial/video/7472679334172495122,7472679334172495122,somethincofficial,323.5K,"data:image/gif;base64,R0lGODlhAQABAIAAAAAAAP///yH5BAEAAAAALAAAAAABAAEAAAIBRAA7",2025-02-18,2025-03-13 17:04:42,2-18,Gini dong gak bohong beneran ada Diamond Moleculenya!💎✨ #somethinc  #pakaisomethinc  ,"#somethinc , #pakaisomethinc ",suara asli  - mauvecakes,533,7,30,48
https://www.tiktok.com/@somethincofficial/video/7472655110045306119,7472655110045306119,somethincofficial,168.8K,"data:image/gif;base64,R0lGODlhAQABAIAAAAAAAP///yH5BAEAAAAALAAAAAABAAEAAAIBRAA7",2025-02-18,2025-03-13 17:05:13,2-18,Guess who’s about to join the Somethinc family? 🤩✨ #Somethinc  #PakaiSomethinc  ,"#Somethinc , #PakaiSomethinc ",Intergalactic Janet - Ley Soul,336,21,41,14
https://www.tiktok.com/@somethincofficial/video/7472645210263063816,7472645210263063816,somethincofficial,162.5K,"data:image/gif;base64,R0lGODlhAQABAIAAAAAAAP///yH5BAEAAAAALAAAAAABAAEAAAIBRAA7",2025-02-18,2025-03-13 17:05:45,2-18,She is 𝙪𝙣𝙨𝙩𝙤𝙥𝙥𝙖𝙗𝙡𝙚 on the charts & in our hearts 💜🎙️ Now she’s here to STAY & PLAY with Somethinc. #Somethinc  #SomethincMakeup  #LipGlaze  ,"#Somethinc , #SomethincMakeup , #LipGlaze ",original sound  - Somethinc Official,66,16,3,2
https://www.tiktok.com/@somethincofficial/video/7472639514972835080,7472639514972835080,somethincofficial,187.2K,"data:image/gif;base64,R0lGODlhAQABAIAAAAAAAP///yH5BAEAAAAALAAAAAABAAEAAAIBRAA7",2025-02-18,2025-03-13 17:06:16,2-18,The Only FOREVER that truly lasts! Can you guess?👀💋 #somethinc  #pakaisomethinc  ,"#somethinc , #pakaisomethinc ",Intergalactic Janet - Ley Soul,1280,90,30,31
https://www.tiktok.com/@somethincofficial/video/7472429909235911944,7472429909235911944,somethincofficial,451.3K,https://p16-sign-sg.tiktokcdn.com/obj/tos-alisg-p-0037/osDnZnOafABqBHDiE3hzd8IgZFRC2s75bUEIBf?lk3s=81f88b70&x-expires=1742025600&x-signature=x37AO7Db%2Fl4%2BRGP8l5E4DRZ3N5A%3D&shp=81f88b70&shcp=-,2025-02-17,2025-03-13 17:09:57,2-17,Tolooong Minthinc demam CALM DOWN Moisturizer😭😭😭 #Somethinc  #PakaiSomethinc  ,"#Somethinc , #PakaiSomethinc ",suara asli  - eka,1224,21,58,133
https://www.tiktok.com/@somethincofficial/video/7472428199255788807,7472428199255788807,somethincofficial,110.9K,https://p16-sign-sg.tiktokcdn.com/obj/tos-alisg-p-0037/ocFE3ykeI8vEUlsCcmIDfBGRXiAFAA2gAOKnQS?lk3s=81f88b70&x-expires=1742025600&x-signature=SDBAJG6hLdaY%2FgU%2BBMhcI%2FYY5vQ%3D&shp=81f88b70&shcp=-,2025-02-17,2025-03-13 17:10:32,2-17,"Dengerin sound ini, langsung inget cara cuci muka yang bener😂💜 #Somethinc  #PakaiSomethinc  ","#Somethinc , #PakaiSomethinc ",ENGKOL KANAN KIRI FELIK FVNKY - Felik Fvnky,362,3,27,22
https://www.tiktok.com/@somethincofficial/video/7472419166645980471,7472419166645980471,somethincofficial,211.2K,https://p16-sign-va.tiktokcdn.com/obj/tos-maliva-p-0068/o0UyioO2o76IAEwazAICGmizC6gzEafXBgAtBA?lk3s=81f88b70&x-expires=1742025600&x-signature=ZtTLzsf%2Fk5PQEN%2BigTV0YW6JBDs%3D&shp=81f88b70&shcp=-,2025-02-17,2025-03-13 17:11:03,2-17,Sebenernya ya gak usah malu juga gak si? Kan lagi ngerawat diri ☝️🫠 #Somethinc  #PakaiSomethinc  ,"#Somethinc , #PakaiSomethinc ",N/A,925,22,68,118
https://www.tiktok.com/@somethincofficial/video/7472341198565379345,7472341198565379345,somethincofficial,166K,https://p16-sign-sg.tiktokcdn.com/obj/tos-alisg-p-0037/osluFnACfAC5AeDdEtEzbrIg7FR1xsRAUUEEBZ?lk3s=81f88b70&x-expires=1742025600&x-signature=mbEkksAKGp9DQG4bWFw5jz19XbI%3D&shp=81f88b70&shcp=-,2025-02-17,2025-03-13 17:11:40,2-17,Cleanser yang bikin kulit bersih tapi gak bikin kering ketarik?🤔💦 #Somethinc  #PakaiSomethinc  ,"#Somethinc , #PakaiSomethinc ",BORN FOR THIS - Foxxi,417,4,8,32
https://www.tiktok.com/@somethincofficial/video/7472340497957244177,7472340497957244177,somethincofficial,23.6K,https://p16-sign-sg.tiktokcdn.com/obj/tos-alisg-p-0037/owwAJiYWzAA0FnWxABBpCzg2iAsEKIfIiCqlzX?lk3s=81f88b70&x-expires=1742025600&x-signature=inZWGTPEYuUmfdDNUDl75OE4W6s%3D&shp=81f88b70&shcp=-,2025-02-17,2025-03-13 17:12:11,2-17,Gonjreengg🥁 Buat yang mau-mau aja yaa inii😚💜 #Somethinc  #PakaiSomethinc  ,"#Somethinc , #PakaiSomethinc ",original sound - Somethinc Official,218,17,13,20
https://www.tiktok.com/@somethincofficial/video/7472326651464928519,7472326651464928519,somethincofficial,96.9K,https://p16-sign-sg.tiktokcdn.com/obj/tos-alisg-p-0037/oczqAYiYFAVM1JBAilA7FCZgJBCAJINvLEEDY?lk3s=81f88b70&x-expires=1742025600&x-signature=dr8RW1tm467UDFg%2Fu0sDfM%2FQmck%3D&shp=81f88b70&shcp=-,2025-02-17,2025-03-13 17:12:42,2-17,"Replying to @chsei, lovént  maksudnya dipakai semuka kayak gini? 😱 #somethinc  #pakaisomethinc  ","#somethinc , #pakaisomethinc ",Dance It Up - Muspace Lofi,269,5,10,27
https://www.tiktok.com/@somethincofficial/video/7472326437882563858,7472326437882563858,somethincofficial,323.7K,https://p16-sign-sg.tiktokcdn.com/obj/tos-alisg-p-0037/oEyFEEC5IlRUFlASVfi5mQwXnqAEDDQesAEgAB?lk3s=81f88b70&x-expires=1742025600&x-signature=XSR87jlUXl6WijxHutkDyoCw5mM%3D&shp=81f88b70&shcp=-,2025-02-17,2025-03-13 17:13:14,2-17,"Jangan cuma muka yang dirawat, leher juga perlu!😍 #somethinc  #pakaisomethinc  ","#somethinc , #pakaisomethinc ",original sound  - Somethinc Official,3133,56,184,1283
https://www.tiktok.com/@somethincofficial/video/7472227273404468498,7472227273404468498,somethincofficial,76.7K,https://p16-sign-sg.tiktokcdn.com/obj/tos-alisg-p-0037/oIjFlD3EAQAQKAPPAWoLITeZIEgeMAYleAGZIO?lk3s=81f88b70&x-expires=1742025600&x-signature=fklk%2FuaKeVDq1JCcomgWwjefZt4%3D&shp=81f88b70&shcp=-,2025-02-17,2025-03-13 17:13:45,2-17,Calm Down Moisturizer cuma 10ribu😭 buruan deh follow Somethinc & siap-siap ketemu Minthinc!💜✨ #Somethinc  #PakaiSomethinc  ,"#Somethinc , #PakaiSomethinc ",Upbeat Funk - FASSounds,492,7,15,33
https://www.tiktok.com/@somethincofficial/video/7471991538461986049,7471991538461986049,somethincofficial,100.5K,https://p16-sign-sg.tiktokcdn.com/obj/tos-alisg-p-0037/o4FBjaDUFAuSssjRARfgACaEZ9WIQUAfgndcyE?lk3s=81f88b70&x-expires=1742025600&x-signature=jRHq4EwVK%2FMfJWDoC%2Fk4sUDPNFs%3D&shp=81f88b70&shcp=-,2025-02-16,2025-03-13 17:14:21,2-16,Minthinc speechless banget dengernya😭🙌🏻 #Somethinc  #PakaiSomethinc  ,"#Somethinc , #PakaiSomethinc ",original sound - Somethinc Official,412,9,13,21
https://www.tiktok.com/@somethincofficial/video/7471910175390141703,7471910175390141703,somethincofficial,221.4K,"data:image/gif;base64,R0lGODlhAQABAIAAAAAAAP///yH5BAEAAAAALAAAAAABAAEAAAIBRAA7",2025-02-16,2025-03-13 17:14:52,2-16,Coba komen jenis kulit kamu & serum apa yang cocok!👀 #somethinc  #pakaisomethinc  ,"#somethinc , #pakaisomethinc ",Intergalactic Janet - Ley Soul,583,6,39,111
https://www.tiktok.com/@somethincofficial/video/7471846479750122807,7471846479750122807,somethincofficial,108.2K,"data:image/gif;base64,R0lGODlhAQABAIAAAAAAAP///yH5BAEAAAAALAAAAAABAAEAAAIBRAA7",2025-02-16,2025-03-13 17:15:24,2-16,Emang kalian nggak rela?☝️🥺 #Somethinc  #PakaiSomethinc  ,"#Somethinc , #PakaiSomethinc ",original sound - song recommendations,203,6,21,19
https://www.tiktok.com/@somethincofficial/video/7471673386310192402,7471673386310192402,somethincofficial,146.4K,"data:image/gif;base64,R0lGODlhAQABAIAAAAAAAP///yH5BAEAAAAALAAAAAABAAEAAAIBRAA7",2025-02-15,2025-03-13 17:15:55,2-15,Glowing butuh usaha bestiee😝💜 #Somethinc  #PakaiSomethinc  ,"#Somethinc , #PakaiSomethinc ",son original - :),289,7,33,49
https://www.tiktok.com/@somethincofficial/video/7471634562557267205,7471634562557267205,somethincofficial,89.2K,"data:image/gif;base64,R0lGODlhAQABAIAAAAAAAP///yH5BAEAAAAALAAAAAABAAEAAAIBRAA7",2025-02-15,2025-03-13 17:16:26,2-15,Jangan ya Dek ya🫵😭 #Somethinc  #PakaiSomethinc  ,"#Somethinc , #PakaiSomethinc ",son original - :),377,8,20,39
https://www.tiktok.com/@somethincofficial/video/7471602024837057800,7471602024837057800,somethincofficial,68.8K,"data:image/gif;base64,R0lGODlhAQABAIAAAAAAAP///yH5BAEAAAAALAAAAAABAAEAAAIBRAA7",2025-02-15,2025-03-13 17:16:57,2-15,Gampang banget buat hapus makeup pakai Omega Jelly! Next kita bikin keseruan apa nih Squad? Komen!😝💜 #Somethinc  #PakaiSomethinc  ,"#Somethinc , #PakaiSomethinc ",Funny lazy donkey (hilarious song)(937200) - LEOPARD,180,1,5,11
https://www.tiktok.com/@somethincofficial/video/7471560827250724113,7471560827250724113,somethincofficial,648.4K,"data:image/gif;base64,R0lGODlhAQABAIAAAAAAAP///yH5BAEAAAAALAAAAAABAAEAAAIBRAA7",2025-02-15,2025-03-13 17:17:29,2-15,"Ubur-ubur ikan lele, ada harga ada kualitas lee😇 #Somethinc  #PakaiSomethinc  ","#Somethinc , #PakaiSomethinc ",Relaxed (Sped Up) - MC Mablo Dos Paredões,2360,45,102,222
https://www.tiktok.com/@somethincofficial/video/7471557687398911249,7471557687398911249,somethincofficial,105.3K,"data:image/gif;base64,R0lGODlhAQABAIAAAAAAAP///yH5BAEAAAAALAAAAAABAAEAAAIBRAA7",2025-02-15,2025-03-13 17:18:02,2-15,Paling gak bisa minthinc liat kaya gini🫠🫵🏻 #Somethinc  #PakaiSomethinc  ,"#Somethinc , #PakaiSomethinc ",original sound - Somethinc Official,433,8,23,48
https://www.tiktok.com/@somethincofficial/video/7471554319213464850,7471554319213464850,somethincofficial,94.5K,https://p16-sign-sg.tiktokcdn.com/obj/tos-alisg-p-0037/ooAAEQAVgmnAseql6EEBCFsERBiDRgsU2IfFu9?lk3s=81f88b70&x-expires=1742025600&x-signature=7bruMYZv08Aio6nyvER4NY9WczE%3D&shp=81f88b70&shcp=-,2025-02-15,2025-03-13 17:18:37,2-15,Kalau produk somethinc aku lemah🫵🏻😭 #somethinc  #pakaisomethinc  ,"#somethinc , #pakaisomethinc ",original sound  - Somethinc Official,388,7,21,23
https://www.tiktok.com/@somethincofficial/video/7471313554524638482,7471313554524638482,somethincofficial,77.5K,https://p16-sign-sg.tiktokcdn.com/obj/tos-alisg-p-0037/oIAn0MAeAAA7AR06gEFPrcUDdfBmQB3EBECCvI?lk3s=81f88b70&x-expires=1742025600&x-signature=o1mMLV8A5Dfp%2FDfgXNiXUuGgkkk%3D&shp=81f88b70&shcp=-,2025-02-14,2025-03-13 17:19:08,2-14,"Khusus untuk Followers Somethinc, yuk jawab urutannya di comment sesuai hurufnya!😜🫵🏻 #somethinc  #pakaisomethinc  ","#somethinc , #pakaisomethinc ",Video Game - Nyuck,77,11,9,12
https://www.tiktok.com/@somethincofficial/video/7471295860618382598,7471295860618382598,somethincofficial,150.3K,https://p16-sign-va.tiktokcdn.com/obj/tos-maliva-p-0068/o8dR0rEC8Ar2MvJAEhADYpQEDfAzFBAbfCAn2I?lk3s=81f88b70&x-expires=1742025600&x-signature=qcQCirPraAK%2FfbV6q5AljumY%2Bd0%3D&shp=81f88b70&shcp=-,2025-02-14,2025-03-13 17:19:39,2-14,"Pertanyaan Minthinc, emang kalian punya partner Valentine? 🫵😭 #Somethinc  #PakaiSomethinc  ","#Somethinc , #PakaiSomethinc ",Happy - DJ Keblinger$,219,3,10,13
https://www.tiktok.com/@somethincofficial/video/7471294315529030917,7471294315529030917,somethincofficial,133.8K,https://p16-sign-va.tiktokcdn.com/obj/tos-maliva-p-0068/osAACITPSI5AAjxg0IeeELvXKGfkBrQ7haxTIg?lk3s=81f88b70&x-expires=1742025600&x-signature=%2F5ItsqFPoyc5M4oK8AuDBABUvVY%3D&shp=81f88b70&shcp=-,2025-02-14,2025-03-13 17:21:38,2-14,Minthinc kepo nih sama Skincare’s Journey kalian🫵🫵 #Somethinc  #PakaiSomethinc  ,"#Somethinc , #PakaiSomethinc ",оригинальный звук  - snauzk,331,3,27,47
https://www.tiktok.com/@somethincofficial/video/7471162305204505864,7471162305204505864,somethincofficial,104.8K,https://p16-sign-sg.tiktokcdn.com/obj/tos-alisg-p-0037/ocuA5jAhiAmC7B06BYyqZQ5iEASBoiunPlIAE?lk3s=81f88b70&x-expires=1742025600&x-signature=agZCbEpXswzqkcJmjNDgmgOmNYU%3D&shp=81f88b70&shcp=-,2025-02-14,2025-03-13 17:22:11,2-14,Mention Pasangan Kamu Sekarang! 😜🥰 #somethinc  #pakaisomethinc  ,"#somethinc , #pakaisomethinc ",original sound - loggerkkk - 🎧,478,15,12,29
https://www.tiktok.com/@somethincofficial/video/7470930204676984071,7470930204676984071,somethincofficial,411.1K,https://p16-sign-sg.tiktokcdn.com/obj/tos-alisg-p-0037/ogX3A6ABAI7EuAviCJAZiC4EcTwFYUx4EBIHl?lk3s=81f88b70&x-expires=1742025600&x-signature=VSzLWcuB3HPopThiFekCWhOKqpc%3D&shp=81f88b70&shcp=-,2025-02-13,2025-03-13 17:22:44,2-13,"Find your match, fix your skin concern✨💜 #Somethinc  #PakaiSomethinc  ","#Somethinc , #PakaiSomethinc ",suara asli  - Ema 🧚‍♀️,1315,21,33,345
https://www.tiktok.com/@somethincofficial/video/7470915681567935745,7470915681567935745,somethincofficial,180.4K,https://p16-sign-sg.tiktokcdn.com/obj/tos-alisg-p-0037/o88API63vCSAAAiBiFEEaul4YEBZBlGWkZpvA?lk3s=81f88b70&x-expires=1742025600&x-signature=WDAPVLkQBH5SSL3hg%2FGYNoyDewo%3D&shp=81f88b70&shcp=-,2025-02-13,2025-03-13 17:23:15,2-13,Millennials Must Have for Anti-Aging!✨ #Somethinc  #PakaiSomethinc  ,"#Somethinc , #PakaiSomethinc ",Aesthetic Coffee - Febri Handika,520,9,38,50
https://www.tiktok.com/@somethincofficial/video/7470910712009870597,7470910712009870597,somethincofficial,210.8K,https://p16-sign-va.tiktokcdn.com/obj/tos-maliva-p-0068/oQiAIEJfwblEn6CIbA1z0AiDBAnBICogAM3duB?lk3s=81f88b70&x-expires=1742025600&x-signature=TNP1bWAUbtJWrWuvmRxlwEMRCGo%3D&shp=81f88b70&shcp=-,2025-02-13,2025-03-13 17:23:48,2-13,Coba tag temen cowok kalian yang baru atau udah mulai rajin skincarean Squad! #Somethinc  #PakaiSomethinc  ,"#Somethinc , #PakaiSomethinc ",오리지널 사운드  - 잔망루피 ZANMANG LOOPY,444,4,37,53
https://www.tiktok.com/@somethincofficial/video/7470883661437603079,7470883661437603079,somethincofficial,163.2K,https://p16-sign-sg.tiktokcdn.com/obj/tos-alisg-p-0037/oQAf9FIBARKj9DxkIf6DfBAGCNEIWProAAEtEs?lk3s=81f88b70&x-expires=1742025600&x-signature=2yQ0lkxWT%2BLyWpwINiYqaCoqOBI%3D&shp=81f88b70&shcp=-,2025-02-13,2025-03-13 17:24:19,2-13,"Wash your face without worries! 💦 A gentle, non-stripping jelly cleanser that keeps your skin fresh & hydrated! ✨ #Somethinc  #PakaiSomethinc  ","#Somethinc , #PakaiSomethinc ",suara asli - yannnanaa - ryan,377,5,12,21
https://www.tiktok.com/@somethincofficial/video/7470857551911865616,7470857551911865616,somethincofficial,81.8K,https://p16-sign-sg.tiktokcdn.com/obj/tos-alisg-p-0037/o4fREEFfA7nFCA2tTMCdI8N0gAFWBnAdrkDUAE?lk3s=81f88b70&x-expires=1742025600&x-signature=TRLMWgaPKtC2iHRInL39%2FmeOUBA%3D&shp=81f88b70&shcp=-,2025-02-13,2025-03-13 17:24:50,2-13,Test kecocokan pasangan dapet promo special?!😍✨ Jangan lupa join TikTok Live Somethinc tanggal 14 Februari⚠️ #Somethinc  #PakaiSomethinc  ,"#Somethinc , #PakaiSomethinc ",original sound - Somethinc Official,602,2,16,26
https://www.tiktok.com/@somethincofficial/video/7470850734079102215,7470850734079102215,somethincofficial,216.6K,https://p16-sign-sg.tiktokcdn.com/obj/tos-alisg-p-0037/oEvxAlfBKEypILzCRyQSC1FutByAciWAiAAVIw?lk3s=81f88b70&x-expires=1742025600&x-signature=CkfhQRGrorvQTKnx2BY5lna4z8U%3D&shp=81f88b70&shcp=-,2025-02-13,2025-03-13 17:25:21,2-13,Serum Somethinc yang cocok buat masalah kulit kamu!👀💜 #somethinc  #pakaisomethinc  ,"#somethinc , #pakaisomethinc ",Intergalactic Janet - Ley Soul,754,6,47,266
https://www.tiktok.com/@somethincofficial/video/7470844412541537543,7470844412541537543,somethincofficial,133.9K,"data:image/gif;base64,R0lGODlhAQABAIAAAAAAAP///yH5BAEAAAAALAAAAAABAAEAAAIBRAA7",2025-02-13,2025-03-13 17:25:52,2-13,Yang bener aja dong! Skimcare aja 10 step🫵🏻😭 #somethinc  #pakaisomethinc  ,"#somethinc , #pakaisomethinc ",Funny and Unusual Scene - HarmonicoHCO,191,5,16,22
https://www.tiktok.com/@somethincofficial/video/7470838324584779013,7470838324584779013,somethincofficial,172.5K,"data:image/gif;base64,R0lGODlhAQABAIAAAAAAAP///yH5BAEAAAAALAAAAAABAAEAAAIBRAA7",2025-02-13,2025-03-13 17:26:24,2-13,Kalau 🔥🔥🔥& 💧💧💧 versi kalian apa Squad?? #Somethinc  #PakaiSomethinc  ,"#Somethinc , #PakaiSomethinc ",original sound - spexdx,185,3,6,20
https://www.tiktok.com/@somethincofficial/video/7470566768314977542,7470566768314977542,somethincofficial,130.6K,"data:image/gif;base64,R0lGODlhAQABAIAAAAAAAP///yH5BAEAAAAALAAAAAABAAEAAAIBRAA7",2025-02-12,2025-03-13 17:26:55,2-12,Namanya juga typo 🫠 #Somethinc  #PakaiSomethinc  ,"#Somethinc , #PakaiSomethinc ",Laugh Pause - Crispinion,612,6,56,32
https://www.tiktok.com/@somethincofficial/video/7470515944431815954,7470515944431815954,somethincofficial,153.4K,"data:image/gif;base64,R0lGODlhAQABAIAAAAAAAP///yH5BAEAAAAALAAAAAABAAEAAAIBRAA7",2025-02-12,2025-03-13 17:27:27,2-12,"Two generations, two skincare styles. Are you Gen Z or Millennials?💆‍♀️💜 #Somethinc  #PakaiSomethinc  ","#Somethinc , #PakaiSomethinc ",love me like you - livsspotifyaudios,207,7,15,23
https://www.tiktok.com/@somethincofficial/video/7470474261510032658,7470474261510032658,somethincofficial,76.5K,"data:image/gif;base64,R0lGODlhAQABAIAAAAAAAP///yH5BAEAAAAALAAAAAABAAEAAAIBRAA7",2025-02-12,2025-03-13 17:28:00,2-12,Love is in the air..and so is the perfect deal! Only on Shopee💐💜 ,N/A,sonido original - 🔥,470,7,20,20
https://www.tiktok.com/@somethincofficial/video/7470471846463311110,7470471846463311110,somethincofficial,50.5K,https://p16-sign-va.tiktokcdn.com/obj/tos-maliva-p-0068/oEmgAkzIs2tBxBvco9EnjfiBiCAICA1xsl9MAE?lk3s=81f88b70&x-expires=1742025600&x-signature=bzQDmRQN0Ds3gp1lVGL4J2Y8ghQ%3D&shp=81f88b70&shcp=-,2025-02-12,2025-03-13 17:28:31,2-12,Rajin skincarean itu salah satu bentuk investasi untuk diri sendiri loh Squad! #Somethinc  #PakaiSomethinc  ,"#Somethinc , #PakaiSomethinc ",Solo piano Ghibli style melancholy waltz(1527157) - MaSssuguMusic,116,3,4,4
https://www.tiktok.com/@somethincofficial/video/7470470360954064135,7470470360954064135,somethincofficial,154.4K,https://p16-sign-sg.tiktokcdn.com/obj/tos-alisg-p-0037/oEAABEmnUE3AARLQEiYfCF4rFD5fbHIl6aL4Ng?lk3s=81f88b70&x-expires=1742025600&x-signature=AuYxkiQGXLhoV74ds0f%2FsSa5%2Bwg%3D&shp=81f88b70&shcp=-,2025-02-12,2025-03-13 17:29:04,2-12,Tim Cleansing Balm atau Tim Micellar Water?👀 #somethinc  #pakaisomethinc  ,"#somethinc , #pakaisomethinc ",PHONK BRASILEIRO FRESCO - DJ MOIGUS & DJ FKU,366,3,5,41
https://www.tiktok.com/@somethincofficial/video/7470410365873032456,7470410365873032456,somethincofficial,170.3K,https://p16-sign-sg.tiktokcdn.com/obj/tos-alisg-p-0037/o0ABAVnYSgnQfC3A7FDD5IqIUrdREqFgAe5Eqd?lk3s=81f88b70&x-expires=1742025600&x-signature=%2B8JCjsWg8gphq6JH9Mp5pUt%2BCZg%3D&shp=81f88b70&shcp=-,2025-02-12,2025-03-13 17:29:37,2-12,"Usia bertambah, masalah kulit juga ikut bertambah! Solusinya apa dong?😭🫵🏻 #somethinc  #pakaisomethinc  ","#somethinc , #pakaisomethinc ",Love You So - The King Khan & BBQ Show,298,7,22,44
https://www.tiktok.com/@somethincofficial/video/7470165299518541061,7470165299518541061,somethincofficial,258K,https://p16-sign-va.tiktokcdn.com/obj/tos-maliva-p-0068/oInqC8LWIA1zCrcEEHArcBAWARF8dJfegQHDvE?lk3s=81f88b70&x-expires=1742025600&x-signature=4Grfm%2BayLjoMHEEeCneb9SY7gTY%3D&shp=81f88b70&shcp=-,2025-02-11,2025-03-13 17:30:10,2-11,Minthinc gak kuat lihat yang pakainya sampai ke kepala 😭😭 #Somethinc  #PakaiSomethinc  ,"#Somethinc , #PakaiSomethinc ",Relaxed (Sped Up) - MC Mablo Dos Paredões,1248,12,59,115
https://www.tiktok.com/@somethincofficial/video/7470115665295297809,7470115665295297809,somethincofficial,98.6K,https://p16-sign-sg.tiktokcdn.com/obj/tos-alisg-p-0037/oITAIYstoiBOLArlCsZIvyruC6EABi4ElNABA?lk3s=81f88b70&x-expires=1742025600&x-signature=f9VmcC4KzJ6%2FSMtZfeTdwiQcP24%3D&shp=81f88b70&shcp=-,2025-02-11,2025-03-13 17:30:42,2-11,"Jangan lupa like & share, supaya kita bisa terus berbagi kebaikan🙏🏻✨ #Somethinc  #PakaiSomethinc  ","#Somethinc , #PakaiSomethinc ",original sound - Somethinc Official,465,14,21,34
https://www.tiktok.com/@somethincofficial/video/7470114775427501313,7470114775427501313,somethincofficial,154.4K,https://p16-sign-sg.tiktokcdn.com/obj/tos-alisg-p-0037/oEeEYfyWygrRDQAQAlpEAqCUWBqFIsCEni3UAF?lk3s=81f88b70&x-expires=1742025600&x-signature=tnHYXUBld%2Fs6ANbErd0mqHPCs2A%3D&shp=81f88b70&shcp=-,2025-02-11,2025-03-13 17:31:15,2-11,⚠️Jangan asal pakai cleanser⚠️ #Somethinc  #Somethinc  ,"#Somethinc , #Somethinc ",Aesthetic Coffee - Febri Handika,429,7,25,75
https://www.tiktok.com/@somethincofficial/video/7470113843960663314,7470113843960663314,somethincofficial,128.3K,"data:image/gif;base64,R0lGODlhAQABAIAAAAAAAP///yH5BAEAAAAALAAAAAABAAEAAAIBRAA7",2025-02-11,2025-03-13 17:32:50,2-11,"Flawless by day, fresh by night💜💆‍♀️ #Somethinc  #PakaiSomethinc  ","#Somethinc , #PakaiSomethinc ",Ring trend - Audreyy,223,2,24,22
https://www.tiktok.com/@somethincofficial/video/7470111775564893448,7470111775564893448,somethincofficial,400.7K,"data:image/gif;base64,R0lGODlhAQABAIAAAAAAAP///yH5BAEAAAAALAAAAAABAAEAAAIBRAA7",2025-02-11,2025-03-13 17:33:23,2-11,"Serum Sultan dari Somethinc! Buat kulit halus, lembab & glowing💎✨ #Somethinc  #PakaiSomethinc  ","#Somethinc , #PakaiSomethinc ",Drop It Like x Without Me - ARNEL REMIX,668,4,31,64
https://www.tiktok.com/@somethincofficial/video/7470092914035625223,7470092914035625223,somethincofficial,102.4K,"data:image/gif;base64,R0lGODlhAQABAIAAAAAAAP///yH5BAEAAAAALAAAAAABAAEAAAIBRAA7",2025-02-11,2025-03-13 17:33:55,2-11,We just melted seeing that 300K+ are obsessed with Omega Deep Cleansing Balm 🤩🫶  Now comes in new & improved formulation! Grab yours fast ‘cause they’re slipping off the shelves 💨  #Somethinc  #SomethincBalm  #SomethincJelly ,"#Somethinc , #SomethincBalm , #SomethincJelly ",original sound  - Somethinc Official,356,4,1,10
https://www.tiktok.com/@somethincofficial/video/7470085360610020615,7470085360610020615,somethincofficial,998.8K,"data:image/gif;base64,R0lGODlhAQABAIAAAAAAAP///yH5BAEAAAAALAAAAAABAAEAAAIBRAA7",2025-02-11,2025-03-13 17:34:28,2-11,"Nasib punya kulit sensitif, dikit-dikit bermaslah!😭 tapi untung ada Moisturizer ini💜#somethinc  #pakaisomethinc  ","#somethinc , #pakaisomethinc ",Kalemin Aja Somethinc X Afgan - Somethinc Official,2132,24,120,367
