Views,Post_Date,Description,Hashtags,Music,Likes,Comments,Shares,Saves,Engagement_Rate,Total_Engagement,Gemini_Keywords
6561,2025-03-03 00:00:00,"â€¼ï¸DANCE CHALLENGE RAMADANâ€¼ï¸  ğŸMenangkan hadiah exclusive mulai dari 1 tahun bodycare gratis sampai 1 handphoneğŸ˜±  ğŸ—£ï¸Challenge ini  bisa kamu ikuti di TikTok loh!  Syaratnya gampang, cukup ikuti langkah-langkah di bawah ini:  ğŸ’œ Cara Ikutan: 1ï¸âƒ£ Buat video dance sesuai kreativitas kamu dengan lagu Ramadhan Happy & Pretty  2ï¸âƒ£ Upload di Instagram/TikTok (Reels/Feed/Story). 3ï¸âƒ£ Mention & Follow @scarlettofficial @scarlettbeautyverse. Dan tiktok @scarlett_whitening 4ï¸âƒ£ Gunakan hashtag: #HappyAndPrettyChallenge  #ManisnyaRamadhan  5ï¸âƒ£ Tag 3 temanmu buat ikut challenge ini!  Yuk, berseri lahir batin & happy selama Ramadan! ğŸŒ™âœ¨ Join now & letâ€™s dance! ğŸ’ƒğŸ» #HappyAndPrettyChallenge ","#HappyAndPrettyChallenge , #ManisnyaRamadhan , #HappyAndPrettyChallenge ",Ramadan Happy & Pretty - Scarlett Official,54,13,3,4,1.1278768480414572,74,"[""bodycare"", ""gratis"", ""hadiah"", ""challenge"", ""scarlettofficial"", ""scarlettbeautyverse"", ""tiktok""]"
677,2025-03-13 17:29:33,"Introducing Scarlett x Jenahara Nasution NEW! Perfume Banana Fusion  ğŸŒFloral, Musky, Vanilla ğŸ•Wangi tahan lebih lama  ğŸ’«Wellness Scentzâ„¢ï¸ technology yang meningkatkan positivitas pada diri agar lebih percaya diri dan optimis  Ramadan yang hangat dan ceria dengan Banana Fusion #ManisnyaRamadan ",#ManisnyaRamadan ,original sound  - Scarlett Whitening Official,7,0,1,0,1.1816838995568686,8,"[""Perfume"", ""Banana Fusion"", ""Jenahara Nasution"", ""tahan lama"", ""Wellness Scentz"", ""percaya diri"", ""scarlett""]"
516,2025-03-13 17:30:04,"Scarlett promo dari 580rb, cuma jadi 60rban per pcs!?!   Ada banyak freebiesnya lagiğŸ˜± #SuperBrandDay",-,original sound  - Scarlett Whitening Official,4,0,0,0,0.7751937984496124,4,"[""promo"", ""Scarlett"", ""freebies"", ""murah"", ""SuperBrandDay"", ""diskon"", ""60rban""]"
563,2025-03-13 16:30:35,"Parfum Scarlett ada yang baru?  Yuk cobain Caramel latte, banana fusion .. jadi 60rban dari 75rb  #SuperBrandDay",-,original sound  - Scarlett Whitening Official,12,0,1,1,2.4866785079928952,14,"[""Parfum"", ""Scarlett"", ""baru"", ""Caramel latte"", ""banana fusion"", ""SuperBrandDay"", ""60rban""]"
1126,2025-03-13 16:31:09,Scarlett lagi sedekah ya? sebanyak ini cuma 40rban aja! #SuperBrandDay,-,original sound  - Scarlett Whitening Official,15,0,0,0,1.3321492007104796,15,"[""Scarlett"", ""murah"", ""40rban"", ""SuperBrandDay"", ""promo"", ""banyak"", ""sedekah""]"
2221,2025-03-13 13:31:40,"Dikira 75RIBU, padahal harganya cuma...ğŸ¤«  Yang tau-tau aja yağŸ‘€ #SuperBrandDay",-,original sound  - Scarlett Whitening Official,14,0,0,0,0.6303466906798739,14,"[""SuperBrandDay"", ""harga"", ""produk"", ""murah"", ""promo""]"
2749,2025-03-13 10:32:11,"Kalo aku kasih kamu produk ini, kamu mau kasih produknya ke siapa?   #SuperBrandDay",-,original sound  - Scarlett Whitening Official,18,0,0,0,0.65478355765733,18,"[""SuperBrandDay"", ""produk"", ""kasih"", ""kamu"", ""siapa""]"
12000,2025-03-12 18:32:42,"Pelajaran di bulan Ramadan ini:  Jangan gampang emosi, sabar dalam tiap keadaan dan meminta maaf tidak akan membuat kita jadi rendahğŸ¤  #ManisnyaRamadan",-,original sound  - Scarlett Whitening Official,56,0,1,5,0.5166666666666666,62,"[""Ramadan"", ""emosi"", ""sabar"", ""maaf"", ""rendah""]"
5481,2025-03-12 18:33:13,Duit abis karena checkout produk Scarlett di Super Brand Day 422Rb dapat 10 itemğŸ˜  Go checkout now! #SuperBrandDay,-,original sound  - Scarlett Whitening Official,40,0,0,2,0.7662835249042145,42,"[""SuperBrandDay"", ""Scarlett"", ""checkout"", ""produk"", ""diskon"", ""item""]"
3935,2025-03-12 18:33:45,Cara menjaga kulit kering dari ruangan ber AC? Coba pakai Scarlett AHA Body Serum yang bikin kulit lembap dan membuat kulit jadi lebh halus. Yuk checkout sekarangğŸ› #SuperBrandDay,-,original sound  - Scarlett Whitening Official,17,2,0,1,0.5082592121982211,20,"[""kulit kering"", ""ruangan ber-AC"", ""Scarlett"", ""AHA Body Serum"", ""lembap"", ""halus"", ""SuperBrandDay""]"
4248,2025-03-12 18:34:16,Jangan kesini kalau kamu gak mau dapet harga AMBYAR!ğŸ’—  Kapan lagi Scarlett kasih diskon besar-besaran kayak gini? Yuk checkout sekarangğŸ› #SuperBrandDay,-,original sound  - Scarlett Whitening Official,18,1,1,2,0.5178907721280603,22,"[""Scarlett"", ""diskon"", ""harga"", ""Ambyar"", ""SuperBrandDay"", ""checkout""]"
2297,2025-03-12 18:34:49,"Mau glowing sebelum lebaran? BISAAâœ¨  Scarlett dukung kamu buat glowing lebaran nanti dengan kasih promo BESAR-BESARAANğŸ’—  Jangan sampai kehabisan, yuk stok buat lebaran! Checkout sekaranggğŸ› #SuperBrandDay",-,original sound  - Scarlett Whitening Official,6,0,2,1,0.391815411406182,9,"[""glowing"", ""lebaran"", ""promo"", ""Scarlett"", ""SuperBrandDay"", ""stok"", ""checkout""]"
2800,2025-03-12 18:35:20,"99 problems, 1 solution BLUE HYDRA #SuperBrandDay",-,original sound  - Scarlett Whitening Official,16,2,0,0,0.6428571428571428,18,"[""Blue Hydra"", ""solution"", ""problems"", ""SuperBrandDay""]"
6095,2025-03-12 18:35:51,Situasi penuh kesadaran disaat suruh take konten promoğŸ˜ƒ #SuperBrandDay,-,original sound  - Scarlett Whitening Official,32,5,0,1,0.623461853978671,38,"[""konten"", ""promo"", ""SuperBrandDay"", ""take""]"
4860,2025-03-12 18:36:27,Tanya ke rekomendasi perfume buat bukber!  Kalau kamu bukber pakai parfum apa? Komen di kolom komentar yaağŸ©·,-,original sound  - Scarlett Whitening Official,23,2,0,4,0.5967078189300412,29,"[""rekomendasi"", ""perfume"", ""bukber"", ""parfum"", ""komentar""]"
4141,2025-03-11 18:36:58,"Selama bulan puasa, harus minum dan tidur yang cukup biar puasa gak lemesğŸ¤ #ManisnyaRamadan ",#ManisnyaRamadan ,original sound  - Scarlett Whitening Official,24,4,0,1,0.7003139338324077,29,"[""minum"", ""tidur"", ""puasa"", ""cukup""]"
3777,2025-03-11 18:37:29,Coba aja tau ini dari duluğŸ¥°  Pasti bakal healthy dan plumpy lebih cepet!ğŸ’™  â¤ï¸ Red Exfo + ğŸ’™ Blue Hydra  Perfect match untuk kulit sehat-ku~  Yuk checkout sekarangâœ¨ #SuperBrandDay  #LevelUpYourHydration ,"#SuperBrandDay , #LevelUpYourHydration ",original sound  - Scarlett Whitening Official,20,2,3,2,0.7148530579825259,27,"[""healthy"", ""plumpy"", ""Red Exfo"", ""Blue Hydra"", ""kulit sehat"", ""hydration""]"
3459,2025-03-11 18:38:00,"Tips Anti di Ghosting Gebetan! Pakai Body Lotion Scarlett gebetan auto gak akan nge ghosting, yuk checkout #SuperBrandDay ",#SuperBrandDay ,original sound  - Scarlett Whitening Official,16,0,0,1,0.4914715235617231,17,"[""Body Lotion"", ""Scarlett"", ""kulit""]"
6293,2025-03-11 18:40:23,Glowing affordable! Scarlett body lotion tube 20 ribuan aja di special Super Brand Day Sale! #SuperBrandDay  ,#SuperBrandDay ,original sound  - Scarlett Whitening Official,22,0,0,0,0.3495947878595264,22,"[""Glowing"", ""affordable"", ""Scarlett"", ""body lotion"", ""tube""]"
18600,2025-03-11 18:40:58,Sedih banget....  Alias BOONG~ Promo kali ini BANYAK BANGEEETTTğŸ’— Minett sampai takut kalapğŸ˜£  Yuk checkout sekarang ğŸ› #SuperBrandDay  ,#SuperBrandDay ,original sound  - Scarlett Whitening Official,76,5,1,1,0.44623655913978494,83,"[""Promo"", ""Scarlett""]"
2833,2025-03-11 18:41:29,Rayakan Manisnya Ramadan bersama Extrait de Parfum Banana Fusion & Caramel Latteâœ¨ğŸ¤ #PerfectScentForEveryMoment  #ManisnyaRamadan ,"#PerfectScentForEveryMoment , #ManisnyaRamadan ",original sound  - Scarlett Whitening Official,17,3,2,2,0.8471584892340276,24,"[""Parfum"", ""Extrait de Parfum"", ""Banana Fusion"", ""Caramel Latte"", ""PerfectScent"", ""Ramadan""]"
94400,2025-03-11 18:42:02,"Ini dia alasan kenapa kamu harus checkout Scarlett, Parfum Caramel Latte + Banana dari 75rb jadi 60rb #SuperBrandDay  ",#SuperBrandDay ,original sound  - Scarlett Whitening Official,316,1,16,26,0.3802966101694915,359,"[""Scarlett"", ""Parfum"", ""Caramel Latte"", ""Banana"", ""promo"", ""SuperBrandDay"", ""checkout""]"
2860,2025-03-11 18:42:35,Ketika Minett ketahuan punya promo gede-gedean...  Buruan langsung checkout gak sih? Kapan lagi Scarlett promonya segede ini?ğŸ˜ #SuperBrandDay  ,#SuperBrandDay ,original sound  - Scarlett Whitening Official,8,0,0,1,0.3146853146853147,9,"[""promo"", ""gede-gedean"", ""Scarlett"", ""SuperBrandDay"", ""checkout""]"
2705,2025-03-11 18:43:09,Daripada bengong... Mending checkout promo bundling ScarlettğŸ˜  #SuperBrandDay  ,#SuperBrandDay ,original sound  - Scarlett Whitening Official,15,0,0,0,0.5545286506469501,15,"[""promo"", ""bundling"", ""Scarlett"", ""SuperBrandDay"", ""checkout""]"
5687,2025-03-10 18:43:40,"Yang katanya Scarlett mahal, mana ada mahal orang semua ini beli 5 produk bisa dapet 10 produkâ˜ºï¸ #SuperBrandDay ",#SuperBrandDay ,original sound  - Scarlett Whitening Official,31,0,1,2,0.5978547564621066,34,"[""Scarlett"", ""mahal"", ""promo"", ""produk"", ""SuperBrandDay"", ""beli 5 dapat 10""]"
2982,2025-03-10 18:44:11,"Ini nih lotion yang viral banget, Scarlett Body Lotion. Kamu bisa beli di sini mumpung lagi ada diskon 50%, kalau mau yang tube cuma 20rban #SuperBrandDay  ",#SuperBrandDay ,original sound  - Scarlett Whitening Official,16,0,0,0,0.5365526492287056,16,"[""lotion"", ""viral"", ""Scarlett"", ""diskon"", ""tube""]"
784,2025-03-10 18:44:42,Scarlett SPECIAL Promo BundlingğŸ’—âœ¨  Bright & Fresh Kit A dari harga 582RIBU jadi 422RIBU-an aja~  Tunggu apalagi? Yuk checkout SEKARANGğŸ› #SuperBrandDay ,#SuperBrandDay ,original sound  - Scarlett Whitening Official,5,0,0,1,0.7653061224489796,6,"[""Promo"", ""Bundling"", ""Bright"", ""Fresh"", ""Scarlett"", ""diskon""]"
4385,2025-03-10 18:45:16,"Pernah atau Gak Pernah edisi RamadanğŸŒŸ  Ngabuburit kali ini, kita seru-seruan bareng kak Jenahara di challenge Never Have I Ever edisi Ramadan!  Siapa nih yang relate banget sama jawabannya? ğŸ¤£  Coba share di kolom komentar hal unik yang pernah kamu lakuin di bulan RamadanğŸŒ™ #ManisnyaRamadan  #ScarlettXJenaharaNasution  #PerfectScentForEveryMoment ","#ManisnyaRamadan , #ScarlettXJenaharaNasution , #PerfectScentForEveryMoment ",original sound  - Scarlett Whitening Official,28,0,0,2,0.6841505131128849,30,"[""Ramadan"", ""Jenahara"", ""Scarlett"", ""challenge"", ""share"", ""komentar""]"
2716,2025-03-10 18:45:48,"âœ¨Ramadan Skin Tipsâœ¨  Mau kulit kamu tetap terawat selama Ramadan? Sinih Minett kasih tips buat selalu glowing, plumpy, dan healthy~   Ramadan bukan jadi alasan untuk kamu males-malesan rawat kulit, Sahabat Scarlett Tetap harus konsisten ya! #LevelUpYourHydration  #SuperBrandDay  ","#LevelUpYourHydration , #SuperBrandDay ",original sound  - Scarlett Whitening Official,17,0,6,0,0.8468335787923417,23,"[""Ramadan"", ""Skin"", ""Tips"", ""glowing"", ""plumpy"", ""healthy"", ""terawat""]"
4593,2025-03-10 18:46:19,"What's in this cute boxes? Ofcourse it's Scarlett NEW Perfumes  ğŸŒExtrait de Parfum Banana Fusion Floral, Musky, Vanilla Wangi tahan lebih lama  Wellness Scentzâ„¢ï¸ technology yang meningkatkan positivitas pada diri agar lebih percaya diri dan optimis.  â˜•ï¸Extrait de Parfum Caramel Latte Sweet, Gourmand Wangi lebih tahan lama Well-being technology yang bantu ningkatkan mood   #ManisnyaRamadan  #ScarlettXJenaharaNasution  #PerfectScentForEveryMoment  ","#ManisnyaRamadan , #ScarlettXJenaharaNasution , #PerfectScentForEveryMoment ",suara asli  - Scarlett Whitening Official,37,8,7,4,1.2192466797300239,56,"[""Perfumes"", ""Scarlett"", ""Parfum"", ""Banana"", ""Caramel"", ""tahan lama"", ""technology""]"
2797,2025-03-10 18:46:50,Beli yang mana ya? Ah! Mending semuanya aja deh. Mumpung lagi 37RIBU-an ajağŸ¥°  Yakin kamu gak mau juga? Yuk checkout sekarang dan dapetin promonyağŸ› #SuperBrandDay  ,#SuperBrandDay ,original sound  - Scarlett Whitening Official,11,2,1,2,0.572041473006793,16,"[""promo"", ""SuperBrandDay"", ""checkout"", ""beli"", ""37RIBU-an""]"
2176,2025-03-10 18:47:22,Bulan Ramadan kulit kamu kering? Jangan sampai dehğŸ˜–  Pakai Blue Hydra setiap pagi dan malam untuk menghidrasi kulit kamuğŸ’™ ğŸ’™ Azulene-Allantoin ğŸ’™ 15% Hydra-Moist  Yuk checkout sekarang âœ¨ #LevelUpYourHydration  #SuperBrandDay  ,"#LevelUpYourHydration , #SuperBrandDay ",original sound  - Scarlett Whitening Official,12,0,4,0,0.7352941176470588,16,"[""Ramadan"", ""kulit kering"", ""Blue Hydra"", ""menghidrasi"", ""Azulene-Allantoin"", ""Hydra-Moist"", ""LevelUpYourHydration""]"
2523,2025-03-10 18:47:55,Selalu ingat untuk jalani suka dan dukanya hidup dengan hati yang tenangğŸ¤  #ManisnyaRamadan  ,#ManisnyaRamadan ,original sound  - Scarlett Whitening Official,18,0,0,0,0.713436385255648,18,"[""ManisnyaRamadan"", ""hati yang tenang"", ""suka dan duka"", ""hidup""]"
1953,2025-03-10 18:48:26,"You'll never get rid of REDNESS  But... look at me now!âœ¨ Gak ada yang mustahil, penanganan yang tepat dan konsisten adalah kunciğŸ”‘  Yuk checkout sekarangğŸ› #LevelUpYourHydration  #SuperBrandDay  ","#LevelUpYourHydration , #SuperBrandDay ",original sound  - Scarlett Whitening Official,17,3,1,0,1.0752688172043012,21,"[""REDNESS"", ""penanganan"", ""konsisten"", ""kunci"", ""LevelUpYourHydration"", ""checkout"", ""SuperBrandDay""]"
2836,2025-03-10 18:48:57,"Bisik-bisik mulu emang ada apa sih, ada promo Scarlett Super Brand Day Sale! Diskon up to 50% #SuperBrandDay  ",#SuperBrandDay ,original sound  - Scarlett Whitening Official,24,2,0,1,0.9520451339915375,27,"[""promo"", ""Super Brand Day Sale"", ""Diskon"", ""Scarlett"", ""SuperBrandDay"", ""bisik-bisik""]"
3839,2025-03-10 18:49:28,Special Super Brand Day kamu bisa dapat priduk start 37RB-anğŸ˜  Join live sekarangâœ¨ #SuperBrandDay  ,#SuperBrandDay ,original sound  - Scarlett Whitening Official,19,3,2,1,0.6512112529304506,25,"[""SuperBrandDay"", ""promo"", ""produk"", ""murah"", ""37RB-an""]"
6846,2025-03-10 18:50:00,ğŸ’«Seru-seruan bareng Sahabat Scarlett di Scarlett Iftar Gathering!ğŸ’«  Kira-kira apa kata Sahabat Scarlett yang sudah terpilih menjadi bagian dari acara ini ya?ğŸ§  Mau ikutan acara-acara kayak gini juga? Ayo klik link di bio dan daftar Scarlett Beautyverse Loyalty Program sekarang jugağŸ¤© #ManisnyaRamadan  ,#ManisnyaRamadan ,original sound  - Scarlett Whitening Official,44,0,1,2,0.6865322816243062,47,"[""Sahabat Scarlett"", ""Scarlett Iftar Gathering"", ""acara"", ""Beautyverse Loyalty Program"", ""daftar"", ""link di bio""]"
7655,2025-03-10 18:55:06,Jangan lupa untuk menghabiskan momen ramadan bersama orang tersayangğŸ¤ #ManisnyaRamadan ,#ManisnyaRamadan ,original sound  - Scarlett Whitening Official,114,2,0,2,1.541476159372959,118,"[""momen ramadan"", ""orang tersayang""]"
12700,2025-03-10 18:55:40,"""Capekâ€ nyari kunci, eh kuncinya harus checkout promo Super Brand Day Scarlett #SuperBrandDay ",#SuperBrandDay ,original sound  - Scarlett Whitening Official,73,0,0,1,0.5826771653543307,74,"[""Super Brand Day"", ""promo"", ""Scarlett"", ""checkout""]"
4717,2025-03-09 18:56:11,Apa gak rugi Scarlett beli 3 dapat 6? Gak dong!   Di Super Brand Day kamu bisa beli 3 produk start from 99RB ajağŸ˜ Checkout now!  #SuperBrandDay ,#SuperBrandDay ,original sound  - Scarlett Whitening Official,27,1,3,1,0.6783972864108544,32,"[""rugi"", ""beli 3 dapat 6"", ""Super Brand Day"", ""produk"", ""99RB"", ""checkout"", ""Scarlett""]"
2405,2025-03-09 18:56:45,Retinol cuma 30RIBU-an?ğŸ˜±  Wah! Harus chekout sekarang nihğŸ˜– Glowing bareng Scarlett se-murah iniğŸ¥°  Kamu juga jangan sampai kehabisan yağŸ› #SuperBrandDay  ,#SuperBrandDay ,original sound  - Scarlett Whitening Official,17,0,0,1,0.7484407484407485,18,"[""Retinol"", ""Glowing"", ""Scarlett"", ""Murah"", ""SuperBrandDay""]"
3697,2025-03-09 18:57:16,"Bulan puasa, skincare kamu gak boleh ikutan puasa juga yağŸ‘€  Harus tetap mendapatkan nutrisi secara maksimal untuk goals glowing saat lebaranğŸ¥° Ini reminder dari Minett buat skincare kamu di bulan RamadanğŸ’—  #LevelUpYourGlowingSkin  #LevelUpYourHydration  #SuperBrandDay  ","#LevelUpYourGlowingSkin , #LevelUpYourHydration , #SuperBrandDay ",original sound  - Scarlett Whitening Official,27,0,2,3,0.8655666756829862,32,"[""Puasa"", ""Skincare"", ""Nutrisi"", ""Glowing"", ""Lebaran"", ""Reminder"", ""Hydration""]"
5038,2025-03-09 18:57:47,"Ku beri satu permintaan! Kamu mau apa?   Mau produk baru Scarlett promo besar-besaran? BOLEH!   Scarlett kabulin, yuk checkout sekarangğŸ› #SuperBrandDay  ",#SuperBrandDay ,original sound  - Scarlett Whitening Official,33,0,0,0,0.6550218340611353,33,"[""Scarlett"", ""Promo"", ""Produk baru"", ""SuperBrandDay"", ""Checkout""]"
5041,2025-03-09 18:58:21,Recap keseruan iftar gathering ScarlettğŸ©· Dengan tema #manisnyaramadan  kita ingin menginspirasi kebaikan melalui berbagai kegiatan penuh maknağŸ©·  Dalam bukber tahun ini Scarlett juga ingin memperkenalkan @zaskiadyamecca sebagai Scarlett Beauty Impact Advocate untuk menjalankan misi bersama mensejahterakan para perempuan dan menyebarkan lebih banyak kebaikanğŸ©·ğŸ©·  #manisnyaramadan  ,"#manisnyaramadan , #manisnyaramadan ",original sound  - Scarlett Whitening Official,51,4,1,3,1.1704026978774051,59,"[""Iftar"", ""Scarlett"", ""ManisnyaRamadan"", ""Beauty Impact Advocate"", ""ZaskiaAdyaMecca"", ""Perempuan"", ""Kebaikan""]"
6257,2025-03-09 18:58:52,"LOKOTRE! LOKOTRE!  Kapan lagi bisa ketemu promo sebanyak ini?!ğŸ˜  Makanya, checkout sekarang buat dapetin best price dari ScarlettğŸ› #SuperBrandDay ",#SuperBrandDay ,original sound  - Scarlett Whitening Official,29,0,3,2,0.5433914016301742,34,"[""Promo"", ""Best price"", ""Scarlett"", ""SuperBrandDay"", ""Checkout"", ""LOKOTRE""]"
5994,2025-03-09 18:59:24,Scarlett NEW! Perfume in collaboration with Jenahara NasutionğŸ©·  Ramadan yang hangat dan ceria dengan Banana FusionğŸŒ  Ciptakan momen hangat bersama keluarga di bulan Ramadan dengan Caramel Latte. â˜•ï¸  #ManisnyaRamadan  #PerfectScentForEveryMoment  ,"#ManisnyaRamadan , #PerfectScentForEveryMoment ",original sound  - Scarlett Whitening Official,56,0,6,2,1.0677344010677345,64,"[""Scarlett"", ""Perfume"", ""Jenahara Nasution"", ""Banana Fusion"", ""Caramel Latte"", ""Ramadan""]"
5669,2025-03-09 18:59:55,"â€¼ï¸DANCE CHALLENGE RAMADANâ€¼ï¸  ğŸMenangkan hadiah exclusive mulai dari 1 tahun bodycare gratis sampai 1 handphoneğŸ˜±  ğŸ—£ï¸Challenge ini bisa kamu ikuti di TikTok loh!  Syaratnya gampang, cukup ikuti langkah-langkah di bawah ini:  ğŸ’œ Cara Ikutan: 1ï¸âƒ£ Buat video dance sesuai kreativitas kamu dengan lagu Ramadhan Happy & Pretty 2ï¸âƒ£ Upload di Instagram (Reels/Feed/Story) atau TikTok 3ï¸âƒ£ Mention & Follow Instagram @.scarlettofficial @.scarlettbeautyverse. Dan TikTok @scarlett_whitening 4ï¸âƒ£ Gunakan hashtag: #HappyAndPrettyChallenge  ",#HappyAndPrettyChallenge ,original sound  - Scarlett Whitening Official,45,0,6,3,0.9525489504321749,54,"[""Dance Challenge"", ""Ramadan"", ""bodycare"", ""gratis"", ""TikTok"", ""Scarlett"", ""hadiah exclusive""]"
8106,2025-03-09 19:00:27,Kenapa hal-hal kecil harus bohong? Ternyata gua bisa dapetin produk-produk Scarlett dengan harga diskon 50%   Ternyata Diskon segede ini cuma ada di Special Super Brand day aja Ternyata gua juga bisa dapetin Scarlett Body Lotion Tube cuma 20 ribuan aja! #SuperBrandDay  ,#SuperBrandDay ,original sound  - Scarlett Whitening Official,34,0,2,2,0.46878855169010614,38,"[""Scarlett"", ""diskon"", ""50%"", ""Super Brand Day"", ""Body Lotion"", ""Tube"", ""20 ribuan""]"
7004,2025-03-08 19:00:58,Jangan lupa menjaga tali silahturahmi dengan orang tersayang selama bulan RamadanğŸ©·  #ManisnyaRamadan   ,#ManisnyaRamadan ,original sound  - Scarlett Whitening Official,54,0,0,2,0.799543118218161,56,"[""Ramadan"", ""silahturahmi"", ""orang tersayang""]"
6189,2025-03-08 19:01:29,Kenapa sih hal sekecil ini harus bohong?ğŸ˜­   #SuperBrandDay  ,#SuperBrandDay ,original sound  - Scarlett Whitening Official,19,0,1,0,0.3231539828728389,20,"[""Super Brand Day""]"
14400,2025-03-08 19:02:00,"Promo Super Brand Day, beli sepaket satuannya cuma 60RB-anğŸ˜  Go checkout now!ğŸ›ï¸ #SuperBrandDay ",#SuperBrandDay ,original sound  - Scarlett Whitening Official,64,1,5,3,0.5069444444444444,73,"[""Promo"", ""Super Brand Day"", ""beli"", ""sepaket"", ""checkout""]"
6718,2025-03-08 19:02:32,"Ubur-ubur ikan lele, daripada mikirin takjil mending kita checkout Scarlett leğŸ¤£  Yuk checkout sebelum kehabisanğŸ› #SuperBrandDay  ",#SuperBrandDay ,original sound  - Scarlett Whitening Official,29,0,4,3,0.5358737719559392,36,"[""checkout"", ""Scarlett"", ""Super Brand Day"", ""kehabisan"", ""beli""]"
4896,2025-03-08 19:03:03,Gak terasa ya sudah seminggu aja Ramadan!ğŸ«¶ğŸ»  Jangan lupa menghabiskan waktu berouasa kamu dengan melakukan kegiatan positif #ManisnyaRamadan ,#ManisnyaRamadan ,original sound  - Scarlett Whitening Official,39,0,4,1,0.8986928104575163,44,"[""Ramadan"", ""kegiatan positif"", ""puasa"", ""menghabiskan waktu"", ""ManisnyaRamadan""]"
8483,2025-03-08 19:03:37,"â€¼ï¸ Reminder untuk Sahabat Scarlett â€¼ï¸  SUPER BRAND DAY IS COMING ğŸ’  Cus checkout sekarang, jangan sampai kehabisanğŸ¥° #SuperBrandDay ",#SuperBrandDay ,original sound  - Scarlett Whitening Official,42,0,6,0,0.5658375574678769,48,"[""Reminder"", ""Sahabat Scarlett"", ""Super Brand Day"", ""checkout"", ""kehabisan""]"
4045,2025-03-07 19:04:08,Ciptakan momen hangat bersama keluarga di bulan Ramadan dengan Extrait de Parfum Caramel Latte  #ManisnyaRamadan ,#ManisnyaRamadan ,original sound  - Scarlett Whitening Official,21,2,6,1,0.7416563658838072,30,"[""keluarga"", ""Ramadan"", ""Parfum"", ""Caramel Latte"", ""ManisnyaRamadan"", ""momen hangat""]"
5516,2025-03-07 19:04:39,"Food truck Scarlett is back!!ğŸ©· Hari kedua puasa kemarin Kak felito dan tim Scarlett berbagi #ManisnyaRamadan  ke warga Pondok PucungğŸ©·  Bersyukur bisa berbagi lagi di Ramadan tahun ini, next kira-kira kita kemana lagi ya?ğŸ¤” ",#ManisnyaRamadan ,original sound  - Scarlett Whitening Official,55,1,1,3,1.0877447425670776,60,"[""Scarlett"", ""ManisnyaRamadan"", ""berbagi"", ""warga"", ""Ramadan""]"
3478,2025-03-07 19:07:08,"Lagi musim apa? lagi musim promo super brand day! Buy more save more, setiap product-product Scarlett #SuperBrandDay ",#SuperBrandDay ,original sound  - Scarlett Whitening Official,15,0,1,4,0.5750431282346177,20,"[""promo"", ""SuperBrandDay"", ""Scarlett"", ""buy more save more"", ""product""]"
3685,2025-03-07 19:07:42,Bingung mau checkout apa? checkout aja Scarlett new perfume Caramel Latte dan Banana Fusion  Mumpung lagi promo! #SuperBrandDay ,#SuperBrandDay ,original sound  - Scarlett Whitening Official,32,5,4,4,1.2211668928086838,45,"[""checkout"", ""Scarlett"", ""perfume"", ""Caramel Latte"", ""Banana Fusion"", ""promo"", ""SuperBrandDay""]"
5868,2025-03-07 19:08:16,"Dengan kesadaran penuh... Gak pernah absen buat checkout produk ScarlettğŸ’—  Siapa lagi kalo bukan aku?ğŸ¥° Sebelum kehabisan, mending checkout sekarang dehğŸ› #SuperBrandDay  ",#SuperBrandDay ,original sound  - Scarlett Whitening Official,25,0,0,0,0.42603953646898435,25,"[""checkout"", ""produk"", ""Scarlett"", ""SuperBrandDay"", ""kehabisan""]"
28700,2025-03-07 19:08:48,"Dulu mimpi, sekarang bukti!âœ¨  Dari satu langkah kecil, jadi deretan penghargaan yang bikin terharu ğŸ¥¹  Terima kasih buat semua Sahabat Scarlett yang udah jadi bagian dari perjalanan ini! Ke depannya, Scarlett bakal terus berinovasi & kasih yang terbaik buat kalian! ğŸ’•  Scarlett Level Up Your Beauty",-,original sound  - Scarlett Whitening Official,640,20,10,18,2.397212543554007,688,"[""Scarlett"", ""penghargaan"", ""Sahabat Scarlett"", ""perjalanan"", ""inovasi"", ""terbaik"", ""Level Up Your Beauty""]"
3738,2025-03-07 19:09:19,Go checkout Body Lotion Tube karena di Super Brand Day harganya start 20RB-an ajağŸ˜  Yuk checkout sebelum kehabisanğŸ› #SuperBrandDay  ,#SuperBrandDay ,original sound  - Scarlett Whitening Official,21,0,0,1,0.588550026752274,22,"[""Body Lotion"", ""Super Brand Day"", ""promo"", ""murah"", ""Scarlett""]"
12500,2025-03-07 19:09:50,"BEST promo this monthğŸ¥°  KHUSUS untuk Sahabat Scarlett, promo besar-besaranâ€¼ï¸ Beli 7 produk Scarlett bisa dapat banyak freegiftğŸ’š  Kapan lagi bonus besar-besaran kayak gini? Yuk checkout sebelum kehabisanğŸ› #SuperBrandDay ",#SuperBrandDay ,original sound  - Scarlett Whitening Official,66,0,1,0,0.536,67,"[""promo"", ""Scarlett"", ""freegift"", ""bonus"", ""Super Brand Day"", ""beli 7""]"
5086,2025-03-07 19:10:21,Puasa day 6!  Menjelang buka puasa rasanya pengen makan semuanya gak sih? Laper mata bangetğŸ¥¹ Tapi ingat! Harus belajar merasa cukup agar tidak mubazir dan terus bersyukurâ¤ï¸   #ManisnyaRamadan ,#ManisnyaRamadan ,original sound  - Scarlett Whitening Official,39,2,2,2,0.8847817538340543,45,"[""puasa"", ""Ramadan"", ""bersyukur"", ""makanan"", ""cukup""]"
40400,2025-03-06 19:10:52,"Introducing Scarlett x Jenahara Nasution NEW! Perfume Caramel Latte  â˜•ï¸Sweet, Gourmand ğŸ•Wangi lebih tahan lama ğŸ’«Well-being technology yang bantu ningkatkan mood   Ciptakan momen hangat bersama keluarga di bulan Ramadan dengan Extrait de Parfum Caramel Latte. #ManisnyaRamadan  ",#ManisnyaRamadan ,original sound  - Scarlett Whitening Official,197,20,19,16,0.6237623762376238,252,"[""Scarlett"", ""Jenahara Nasution"", ""Perfume"", ""Caramel Latte"", ""tahan lama"", ""mood"", ""Ramadan""]"
4252,2025-03-06 19:11:25,Beli Bundling lebih murah?? Iyadong!! Beli bundling 7 produk harganya lebih affordable karena lagi ada diskon special super brand day! #SuperBrandDay  ,#SuperBrandDay ,original sound  - Scarlett Whitening Official,21,2,1,0,0.5644402634054563,24,"[""Bundling"", ""murah"", ""diskon"", ""Super Brand Day"", ""7 produk"", ""Scarlett"", ""affordable""]"
9116,2025-03-06 19:11:56,Ramadhan sale kali ini kamu harus cobain NEW! Parfum Scarlett Banana Fusion & Caramel LatteğŸ˜  Harga special launch cuma 60RB-an!!  Go checkout now! #SuperBrandDay  ğŸ›ï¸ ,#SuperBrandDay ,original sound  - Scarlett Whitening Official,52,5,3,3,0.6910925844668714,63,"[""Parfum"", ""Scarlett"", ""Banana Fusion"", ""Caramel Latte"", ""Harga special"", ""diskon""]"
7209,2025-03-06 19:12:29,Kapan lagi Body Care Scarlett cuma 20RIBU-an aja!ğŸ˜  Yuk checkout sebelum kehabisanğŸ›ï¸ #SuperBrandDay  ,#SuperBrandDay ,original sound  - Scarlett Whitening Official,25,0,3,1,0.40227493411014015,29,"[""Body Care"", ""Scarlett"", ""20RIBU-an"", ""diskon"", ""murah""]"
11300,2025-03-06 19:13:01,"Introducing Scarlett x Jenahara Nasution NEW! Perfume Banana Fusion  ğŸŒFloral, Musky, Vanilla ğŸ•Wangi tahan lebih lama  ğŸ’«Wellness Scentzâ„¢ï¸ technology yang meningkatkan positivitas pada diri agar lebih percaya diri dan optimis  Ramadan yang hangat dan ceria dengan Banana Fusion #ManisnyaRamadan  ",#ManisnyaRamadan ,original sound  - Scarlett Whitening Official,60,5,7,2,0.6548672566371682,74,"[""Scarlett"", ""Jenahara Nasution"", ""Perfume"", ""Banana Fusion"", ""Wangi tahan lama"", ""Wellness Scentz"", ""positivitas""]"
4862,2025-03-06 19:13:32,Scarlett Ramadhan Sale! Diskon 50% dan cuma 20ribuanğŸ©· #SuperBrandDay  ,#SuperBrandDay ,original sound  - Scarlett Whitening Official,20,0,1,1,0.4524886877828055,22,"[""Scarlett"", ""Ramadhan Sale"", ""Diskon"", ""50%"", ""20ribuan"", ""murah""]"
246100,2025-03-06 19:14:03,Parfum Banana Fusion & Caramel Latte cocok untuk mengenang #ManisnyaRamadan  kamu!  Checkout sekarang mumpung ada diskon #SuperBrandDay  ğŸ˜,"#ManisnyaRamadan , #SuperBrandDay ",original sound  - Scarlett Whitening Official,817,22,41,108,0.40146281999187317,988,"[""Parfum"", ""Banana Fusion"", ""Caramel Latte"", ""diskon"", ""ManisnyaRamadan""]"
7247,2025-03-06 19:14:34,Percaya gak percaya! Diskon kita gede banget special di Super Brand Day!  Yuk checkout sekarangğŸ›ï¸,-,original sound  - Scarlett Whitening Official,46,2,2,3,0.7313371050089692,53,"[""Diskon"", ""Super Brand Day"", ""checkout"", ""gede"", ""special""]"
4771,2025-03-05 00:00:00,"Day 5 Ramadanâœ¨   Selain menahan lapar, Ramadan juga mengajarkan kita untuk berbagi. Hal kecil yang kita bagikan memiliki arti besar bagi mereka.ğŸ˜  Yuk sebarkan #ManisnyaRamadan  untuk ramadan yang lebih bermaknağŸŒ™",#ManisnyaRamadan ,original sound  - Scarlett Whitening Official,65,0,0,2,1.4043177530915951,67,"[""Ramadan"", ""berbagi"", ""ManisnyaRamadan"", ""bermakna"", ""Hal kecil""]"
3803,2025-03-05 00:00:00,"Routine aku buat dapetin morning look kayak giniğŸ’—  Fresh banget deh rasanya, mood happy kulit healthy!  #SuperBrandDay  ",#SuperBrandDay ,original sound  - Scarlett Whitening Official,22,3,4,3,0.8414409676571128,32,"[""Routine"", ""morning look"", ""Fresh"", ""mood happy"", ""kulit healthy"", ""SuperBrandDay""]"
4591,2025-03-05 00:00:00,Korban promo Super brand day Scarlett yang gak ada abis-abis-nyağŸ’—   Beli Brighlty series bisa dapet banyak free gift! #SuperBrandDay ,#SuperBrandDay ,original sound  - Scarlett Whitening Official,38,1,1,2,0.9148333696362448,42,"[""promo"", ""Super brand day"", ""Scarlett"", ""Brighlty series"", ""free gift"", ""Korban""]"
11800,2025-03-05 00:00:00,"Kasian banget deh yang parfumnya gak pernah diskon, parfum-nya Scarlett sih Diskon terusğŸ˜ Don't miss it checkout nowğŸ›ï¸ #SuperBrandDay  ",#SuperBrandDay ,original sound  - Scarlett Whitening Official,83,2,1,4,0.7627118644067797,90,"[""parfum"", ""diskon"", ""Scarlett"", ""checkout"", ""SuperBrandDay"", ""Don't miss it""]"
4988,2025-03-05 00:00:00,"POV CWK kalo lagi perawatan, jadi gimana? relate gak nih cwk-cwkğŸ¤© ",-,original sound  - Scarlett Whitening Official,21,0,0,1,0.4410585404971933,22,"[""perawatan"", ""cwk"", ""POV""]"
6879,2025-03-05 00:00:00,"Review Scarlett Body Lotion yang udah new improved formula, punya 4 mood boosting essential oils, bright booster formula, wangi mewah tahan 9 jam #BrightItOn  ",#BrightItOn ,original sound  - Scarlett Whitening Official,31,1,2,3,0.5378688762901584,37,"[""Body Lotion"", ""Scarlett"", ""improved formula"", ""essential oils"", ""bright booster"", ""wangi"", ""tahan lama""]"
8262,2025-03-05 00:00:00,Jelas gede! Kan Scarlett Super Brand Day Promonya bombastisğŸ’¥  ğŸ’°Buy 5 G Get 10 khusus Face Care & Body Care  ğŸ’°Harga start 20RB-an aja ğŸ’°Discount up to 50%  Go checkout now!ğŸ›ï¸ #SuperBrandDay  ,#SuperBrandDay ,original sound  - Scarlett Whitening Official,47,0,1,1,0.5930767368675866,49,"[""Scarlett"", ""Super Brand Day"", ""Promo"", ""Face Care"", ""Body Care"", ""Discount"", ""bombastis""]"
3846,2025-03-05 00:00:00,Go checkout promo Scarlett di Super Brand Day sekarang!  ğŸ’°Buy 5 G Get 10 khusus Face Care & Body Care  ğŸ’°Harga start 20RB-an aja ğŸ’°Discount up to 50%  Don't miss it!ğŸ›ï¸ #SuperBrandDay ,#SuperBrandDay ,original sound  - Scarlett Whitening Official,26,3,0,3,0.8320332813312533,32,"[""promo"", ""Scarlett"", ""Super Brand Day"", ""Face Care"", ""Body Care"", ""Discount"", ""checkout""]"
5265,2025-03-04 00:00:00,Kulit kamu meradang? Tandanya kamu perlu catat informasi ini!  #SuperBrandDay  ,#SuperBrandDay ,original sound  - Scarlett Whitening Official,34,5,1,2,0.7977207977207977,42,"[""Kulit"", ""meradang"", ""informasi"", ""SuperBrandDay"", ""tandanya""]"
5784,2025-03-04 00:00:00,POV : You have sensitive skin  Siapa yang relate juga?ğŸ™ŒğŸ»  #SuperBrandDay  ,#SuperBrandDay ,original sound  - Scarlett Whitening Official,42,2,3,2,0.84716459197787,49,"[""sensitive skin"", ""skin"", ""POV"", ""relate"", ""sensitive""]"
5875,2025-03-04 00:00:00,"Bayangkan manisnya mandarin, pisang, dan nanas yang berpadu dengan kelembutan peony. Aroma dari jasmine dan heliotrope menambahkan pesona yang halus, sementara ambergris, vanila, dan musk membalutmu dalam kehangatan yang membangkitkan nostalgia.   Wangi Banana Fusion mengingatkanmu dengan momen-momen berharga yang penuh kebahagiaan.  Komen di bawah occasion apa yang menurut kamu paling cocok untuk pakai Parfum Banana Fusion! Satu orang beruntung akan Minett kirimin produknyağŸ¤ #ScarlettXJenaharaNasution  #ManisnyaRamadan ","#ScarlettXJenaharaNasution , #ManisnyaRamadan ",original sound  - Scarlett Whitening Official,66,5,3,3,1.3106382978723403,77,"[""parfum"", ""wangi"", ""aroma"", ""manis"", ""nostalgia"", ""keharuman""]"
3396,2025-03-04 00:00:00,Skincare abis? No worries!  Scarlett lagi ada promo ambyar skincare diskon 50%ğŸ˜  Go checkout now #SuperBrandDay  ,#SuperBrandDay ,original sound  - Scarlett Whitening Official,29,0,1,4,1.0011778563015312,34,"[""skincare"", ""promo"", ""diskon"", ""checkout"", ""ambyar""]"
2689,2025-03-04 00:00:00,"ğŸ—£ï¸ Minett, kasih FREE GIFT lagi dong!   OKEEHğŸ‘ğŸ» Minett kasih yang BANYAAK khusus untuk Sahabat ScarlettğŸ’ #SuperBrandDay ",#SuperBrandDay ,original sound  - Scarlett Whitening Official,14,0,2,1,0.6322052807735217,17,"[""gift"", ""free"", ""sahabat"", ""khusus"", ""banyak""]"
4671,2025-03-04 00:00:00,"Puasa Day 4âœ¨  Meskipun banyak cobaan yang bikin puasa terasa berat, tapi Alhamdulillah bisa dilewati dengan baikğŸ©·",-,original sound  - Scarlett Whitening Official,49,2,0,4,1.177478056090773,55,"[""puasa"", ""cobaan"", ""berat"", ""alhamdulillah"", ""day""]"
2923,2025-03-04 00:00:00,Dapetin harga TER-MURAH di Scarlett? Emang bisa? ğŸ¤”  BISA DONG! Sini Minett spill caranyağŸ¤— #SuperBrandDay ,#SuperBrandDay ,original sound  - Scarlett Whitening Official,22,10,4,1,1.2658227848101267,37,"[""Scarlett"", ""TER-MURAH"", ""harga"", ""Minett"", ""spill"", ""SuperBrandDay""]"
8273,2025-03-04 00:00:00,Barang jatuh di tinggal yang punya! Gue ambil ajağŸ˜œ #SuperBrandDay  ,#SuperBrandDay ,original sound  - Scarlett Whitening Official,48,3,4,0,0.6648132479149039,55,"[""Barang jatuh"", ""tinggal"", ""punya"", ""ambil"", ""SuperBrandDay""]"
9885,2025-03-04 00:00:00,Maret M-nya apa? Mending abisin duit beli paketan promo Scarlett!  Setiap pembelian 7 pcs get Free 3 gift lohhhğŸ’—  Checkout now!  #SuperBrandDay ,#SuperBrandDay ,original sound  - Scarlett Whitening Official,65,4,5,7,0.8194233687405159,81,"[""Maret"", ""promo"", ""Scarlett"", ""pembelian"", ""7 pcs"", ""Free"", ""gift"", ""SuperBrandDay""]"
8457,2025-03-04 00:00:00,"We listen we dont judge, ini scarlett sedekah selama sebulan apa ga rugi hey? Body Lotion start 20rban, face care cuma 37rban, ada diskon 50%.. beli bundling 7 item, 5 item harga makin ambyar.  Checkout now!  #SuperBrandDay  ",#SuperBrandDay ,original sound  - Scarlett Whitening Official,62,2,0,2,0.7804185881518269,66,"[""Scarlett"", ""sedekah"", ""Body Lotion"", ""face care"", ""diskon"", ""bundling"", ""item"", ""SuperBrandDay""]"
3032,2025-03-04 00:00:00,"It's time to... Skincare DIET!  Kurangi skincare berlebih, back to basic untuk kulit sensitif dan iritasi~ Kalau sudah mengeluarkan tanda-tanda, jangan abai ya!  #SuperBrandDay ",#SuperBrandDay ,original sound  - Scarlett Whitening Official,26,3,2,1,1.0554089709762533,32,"[""Skincare DIET"", ""basic"", ""kulit sensitif"", ""iritasi"", ""tanda-tanda"", ""SuperBrandDay""]"
7588,2025-03-03 00:00:00,"Apa yang kamu ingat saat mencium aroma Parfum Caramel Latte?  Mungkin saat memasuki coffee shop favoritmu atau momen-momen hangat yang bikin hati terasa lebih nyaman.  Perpaduan caramel, tonka, madu, dan jasmine dalam Caramel Latte dapat membuat harimu yang kelabu jadi lebih cerah, menghadirkan kehangatan yang manis dan menenangkan.  Ini dia Extrait de Parfum Caramel Latte #ScarlettXJenaharaNasution  #ManisnyaRamadan ","#ScarlettXJenaharaNasution , #ManisnyaRamadan ",original sound  - Scarlett Whitening Official,50,20,6,2,1.0279388508170795,78,"[""Parfum"", ""Caramel Latte"", ""Scarlett"", ""aroma"", ""manis"", ""menenangkan""]"
13800,2025-03-03 00:00:00,"Scarlett kalo kayak gini terus bakal tutup lapak gak sih?ğŸ˜­  Kok bisa turun harga sampai se-AMBYAR ini?ğŸ¥° Jangan sampai kehabisan, yuk checkout SEKARANGğŸ› #SuperBrandDay  ",#SuperBrandDay ,original sound  - Scarlett Whitening Official,53,2,1,5,0.44202898550724634,61,"[""Scarlett"", ""turun harga"", ""promo"", ""SuperBrandDay"", ""checkout"", ""murah""]"
5920,2025-03-03 00:00:00,"Spesial Super Brand Day hari ini, cuma 290RIBU  Kamu bisa dapet SEBANYAK INIğŸ¥° Kapan lagi Beli 5 Dapet 8?!  Yuk checkout sekarangğŸ› #SuperBrandDay  ",#SuperBrandDay ,original sound  - Scarlett Whitening Official,38,2,0,1,0.6925675675675677,41,"[""SuperBrandDay"", ""promo"", ""murah"", ""beli 5 dapat 8"", ""checkout"", ""290 ribu""]"
4109,2025-03-03 00:00:00,"Ramadan Day 3!   Tidak semua kejadian buruk yang kita alami memiliki arti buruk. Perbanyak berbaik sangka & bersyukur, terutama di bulan Ramadan iniğŸ¤",-,original sound  - Scarlett Whitening Official,26,4,1,1,0.7787782915551229,32,"[""Ramadan"", ""bersyukur"", ""berbaik sangka"", ""Ramadan Day 3""]"
3462,2025-03-03 00:00:00,Special Ramadhan Scarlett sedekah produk gratisâ€¼ï¸  Checkout di live sekarangğŸ‘€ğŸ›ï¸ #SuperBrandDay ,#SuperBrandDay ,original sound  - Scarlett Whitening Official,17,2,2,2,0.6643558636626228,23,"[""Ramadhan"", ""Scarlett"", ""sedekah produk"", ""gratis"", ""SuperBrandDay"", ""checkout"", ""live""]"
6217,2025-03-03 00:00:00,"Siapa yang kondisi wajahnya kayak jalanan di video ini?  Jangan takut, seperti our cutest superheroes Blossom, Buttercup dan Bubbles, Aqua Reset & Barrier Gel Moisturizer udah siap halau permasalahan kulit kamu! â¤ï¸ğŸ’™ğŸ’š  ğŸ’– Glow Bright yang bikin kulit kamu tetap glowing dan cerah  ğŸ’™ Hydra Boost yang kasih perlindungan 5x biar kulit tetap lembab dan terhidrasi ğŸ’š Acne Peace bikin kamu nggak takut lagi sama kulit merah karena acne  Siap berperang bareng Powerpuff Girls? anyway, siapa sih karakter favorit Sahabat Scarlett?  Produk ini tersedia di Scarlett Official Store pada semua platform ecommerce!  #CartoonNetwork  #ThePowerpuffGirls  #Blossom  #ScarlettGelMoisturizer ","#CartoonNetwork , #ThePowerpuffGirls , #Blossom , #ScarlettGelMoisturizer ",original sound  - Scarlett Whitening Official,37,4,1,1,0.6916519221489464,43,"[""Moisturizer"", ""glowing"", ""cerah"", ""lembab"", ""terhidrasi"", ""acne"", ""permasalahan kulit""]"
3433,2025-03-03 00:00:00,"Dapetin semua produk ini dengan harga super duper affordable? Tunggu apa lagi, cuma di Super Brand Day Sale!  Yuk checkout #SuperBrandDay ",#SuperBrandDay ,original sound  - Scarlett Whitening Official,22,0,1,1,0.6990969997087095,24,"[""produk"", ""affordable"", ""Super Brand Day"", ""Sale"", ""checkout""]"
2646,2025-03-03 00:00:00,Semua produk ini harganya 37rban! Skincare Scarlett harganya turun sekarang cuma 37rban aja?   Yuk checkout sekarang #SuperBrandDay ,#SuperBrandDay ,original sound  - Scarlett Whitening Official,14,0,0,1,0.5668934240362812,15,"[""produk"", ""Skincare"", ""Scarlett"", ""37rban"", ""checkout"", ""Super BrandDay""]"
3102,2025-03-03 00:00:00,ğŸ›ï¸Scarlett ada promo BIG RAMADAN GR3AT SAL3ğŸŒ™  â€¼ï¸Harga mulai dari 20RB-an â€¼ï¸Discount up to 50% â€¼ï¸Promo NEW Perfume only 65RB  Go checkout now! #SuperBrandDay ,#SuperBrandDay ,original sound  - Scarlett Whitening Official,29,0,3,3,1.1283043197936815,35,"[""Scarlett"", ""promo"", ""Ramadan"", ""Discount"", ""Perfume"", ""checkout"", ""SuperBrandDay""]"
2483,2025-03-03 00:00:00,A day in my life as content creator beauty brandğŸ’— ,-,original sound  - Scarlett Whitening Official,29,0,0,0,1.1679420056383407,29,"[""content creator"", ""beauty"", ""brand""]"
12600,2025-03-02 00:00:00,"""Bayangin deh, pakai Body Lotion aja bisa bikin kamu punya aroma yang mewah dan expensive loh! Scarlett body lotion new improved formula ini nih yang punya wangi luxury karena langsung di buat bersama perfume expert di LondonğŸ’—  Get yours now! #SuperBrandDay  ",#SuperBrandDay ,original sound  - Scarlett Whitening Official,64,1,4,2,0.5634920634920635,71,"[""Body Lotion"", ""aroma mewah"", ""luxury"", ""perfume expert"", ""improved formula"", ""Scarlett""]"
3392,2025-03-02 00:00:00,Ramadan Day 2âœŒğŸ»ğŸŒ™  Jangan lupa untuk berusaha konsisten berbuat kebaikan di bulan Ramadan  #ManisnyaRamadan ,#ManisnyaRamadan ,original sound  - Scarlett Whitening Official,30,0,1,1,0.9433962264150944,32,"[""Ramadan"", ""konsisten"", ""kebaikan"", ""ManisnyaRamadan""]"
6248,2025-03-02 00:00:00,Punya kulit kering dan kusam? Udah cobain pakai Scarlett AHA Body Serum yang bisa ngembaliin kulit cerah kamuğŸ©· Karena eksfoliasi aman setiap hariğŸ«¶ğŸ» #SuperBrandDay ,#SuperBrandDay ,original sound  - Scarlett Whitening Official,32,2,5,3,0.6722151088348272,42,"[""kulit kering"", ""kusam"", ""AHA Body Serum"", ""eksfoliasi"", ""kulit cerah"", ""Scarlett""]"
158000,2025-03-02 00:00:00,1 hari lagi menuju aroma Manisnya RamadanğŸŒ™  LAUNCHING SOON 03.03.2025,-,original sound  - Scarlett Whitening Official,690,61,39,38,0.5240506329113924,828,"[""aroma"", ""Manisnya Ramadan"", ""Launching""]"
58800,2025-03-02 00:00:00,Maafin kita ya... ğŸ˜–  Khilaf kasih harga segini buat Sahabat ScarlettğŸ’— Masa dilewatin sih? Yuk checkout sekarangğŸ›,-,original sound  - Scarlett Whitening Official,179,9,8,12,0.35374149659863946,208,"[""harga"", ""Sahabat Scarlett"", ""checkout""]"
26800,2025-03-02 00:00:00,"Body Lotion start 20rban, face care cuma 37rban, ada diskon 50%.. beli bundling 7 item, 5 item harga makin ambyar!  #SuperBrandDay ",#SuperBrandDay ,original sound  - Scarlett Whitening Official,163,4,4,6,0.6604477611940299,177,"[""Body Lotion"", ""face care"", ""diskon"", ""bundling"", ""item"", ""harga""]"
3772,2025-03-02 00:00:00,Ramadan kali ini gebrakanya ganas banget!ğŸ˜±  Diskon sampai 50% dapetin produk Scarlett sebanyak-banyaknyağŸ’— Yuk checkout keburu kehabisanğŸ› #SuperBrandDay  ,#SuperBrandDay ,original sound  - Scarlett Whitening Official,22,0,4,3,0.7688229056203606,29,"[""Ramadan"", ""Diskon"", ""Scarlett"", ""checkout"", ""produk"", ""SuperBrandDay""]"
3060,2025-03-02 00:00:00,POV Cowok gue jadi saksi perjalanan kulit gak belang lagi,-,original sound  - Scarlett Whitening Official,19,4,0,1,0.7843137254901961,24,"[""perjalanan"", ""kulit"", ""belang""]"
5584,2025-03-02 00:00:00,"Sebanyak ini cuma 300RB-an?ğŸ˜­   Iya dong! Di Super Brand Day, Scarlett promonya besar-besaranğŸ›ï¸  Mending checkout sekarang keburu kehabisan #SuperBrandDay  ",#SuperBrandDay ,original sound  - Scarlett Whitening Official,35,0,0,1,0.6446991404011462,36,"[""Scarlett"", ""promo"", ""Super Brand Day"", ""checkout"", ""300RB-an""]"
3737,2025-03-02 00:00:00,Modal 30 ribuan bisa bikin muka cerah?! Coba deh pake Niacinamide serum Scarlett!ğŸ©·ğŸ©· #SuperBrandDay  ,#SuperBrandDay ,original sound  - Scarlett Whitening Official,28,0,1,2,0.8295424137008296,31,"[""muka"", ""cerah"", ""Niacinamide"", ""serum"", ""Scarlett"", ""30 ribuan""]"
4368,2025-03-01 00:00:00,Kamu punya kulit kemerahan? Ini tips meredakanya!  Perlu buat fokus ke basic skincare dan pastikan kalau produk yang kamu pakai sesuai dengan skin-concern kamu ya. Kulit kemerahan dan iritasi biasanya disebabkan oleh kondisi kulit yang cenderung sensitif  Gunakan kandungan yang bisa meredakan iritasi dan menghidrasi kulit supaya kembali sehat~ #SuperBrandDay ,#SuperBrandDay ,original sound  - Scarlett Whitening Official,44,6,6,2,1.3278388278388278,58,"[""kemerahan"", ""basic skincare"", ""skin-concern"", ""sensitif"", ""iritasi"", ""menghidrasi""]"
4452,2025-03-01 00:00:00,"Day 1 puasa udah banyak ujiannya!ğŸ˜­  Tetap semangat, karena masih banyak hari yang harus dilewatiğŸ«¶ #ManisnyaRamadan ",#ManisnyaRamadan ,original sound  - Scarlett Whitening Official,40,0,1,2,0.9658580413297394,43,"[""puasa"", ""ujian"", ""semangat"", ""Ramadan""]"
103700,2025-03-01 00:00:00,Ramadan semakin manis dengan parfum baru dari ScarlettğŸŒ™  Penasaran gak sih wanginya seperti apa? Ditunggu yağŸ¤  LAUNCH SOON 03.03.2025,-,original sound  - Scarlett Whitening Official,540,22,35,61,0.6345226615236258,658,"[""Ramadan"", ""manis"", ""parfum"", ""Scarlett"", ""wangi"", ""launch""]"
4213,2025-03-01 00:00:00,Uang gak bisa membeli kebahagiaan..  Kata siapa? Bahagia-ku pas tahu Scarlett lagi diskon besar-besaran!ğŸ’— Yuk checkout sekarangğŸ› #SuperBrandDay ,#SuperBrandDay ,original sound  - Scarlett Whitening Official,28,0,0,2,0.7120816520294327,30,"[""uang"", ""kebahagiaan"", ""Scarlett"", ""diskon"", ""checkout""]"
13500000,2025-03-01 00:00:00,Selama puasa kulit juga gak boleh sampai kehausan!  Minum air sama pakai Body Lotion Scarlett cocok banget bikin kulit berseri lahir batinğŸ«¶ğŸ» #RamadanDiTikTok  #SuperBrandDay  ,"#RamadanDiTikTok , #SuperBrandDay ",original sound  - Scarlett Whitening Official,4918,54,205,479,0.04189629629629629,5656,"[""puasa"", ""kulit"", ""kehausan"", ""Body Lotion"", ""Scarlett"", ""berseri"", ""Ramadan""]"
2498,2025-03-01 00:00:00,Kata siapa Ramadan gak ada diskon? Special bulan Ramadan Scarlett banyak sedekah...  Gak cuma ngasih diskon yang ambyar tapi bagi bagi produk gratis jugağŸ˜ #SuperBrandDay ,#SuperBrandDay ,original sound  - Scarlett Whitening Official,20,0,1,1,0.8807045636509208,22,"[""Ramadan"", ""diskon"", ""Scarlett"", ""produk gratis"", ""SuperBrandDay""]"
2196,2025-03-01 00:00:00,Kenapa sih hal kayak gini aja harus bohong?  Padahal kan aku juga mau tau jugağŸ¤£ Sekarang udah tau kan? Yuk checkout SEKARAANGğŸ› #SuperBrandDay  ,#SuperBrandDay ,original sound  - Scarlett Whitening Official,21,2,1,2,1.1839708561020037,26,"[""bohong"", ""checkout"", ""SuperBrandDay"", ""produk"", ""perawatan kulit""]"
1755,2025-03-01 00:00:00,Serum yang calming kulit iritasi aku~  Kandungan azulene-allantoin nya bikin kulit aku lembap dan terhidrasi  Jangan lupa checkout ya! #SuperBrandDay  ,#SuperBrandDay ,original sound  - Scarlett Whitening Official,15,2,2,1,1.1396011396011396,20,"[""serum"", ""calming"", ""kulit iritasi"", ""azulene-allantoin"", ""lembap"", ""terhidrasi"", ""SuperBrandDay""]"
34200000,2025-03-01 00:00:00,"Momen manis bersama keluarga jadi ciri khas di bulan Ramadan, seperti momen makan takjil saat berbuka puasa dan solat teraweh bersama.  Scarlett berkolaborasi dengan Jenahara Nasution untuk membawamu pulang ke suasana Manisnya Ramadan.   Share yuk bagaimana aroma Manisnya Ramadan bagi kamu?  LAUNCH SOON 03.03.2025",-,original sound  - Scarlett Whitening Official,17800,215,649,1259,0.058254385964912274,19923,"[""Ramadan"", ""Scarlett"", ""kolaborasi"", ""Jenahara Nasution"", ""aroma"", ""momen manis""]"
9714,2025-03-01 00:00:00,AT LEAST....GAK KETINGGALAN PROMO INI!  Beli  7 lebih hemat... #SuperBrandDay ,#SuperBrandDay ,original sound  - Scarlett Whitening Official,27,0,1,2,0.3088326127239036,30,"[""promo"", ""beli 7"", ""hemat"", ""SuperBrandDay"", ""diskon"", ""produk""]"
5633,2025-02-28 00:00:00,Uang 400RIBU bisa dapet apa sih?   Dapet BANYAAK dong~  Catat yang bisa kamu borong dengan harga se-murah ituuu  Yuk checkout SEKARAANGğŸ› #SuperBrandDay ,#SuperBrandDay ,original sound  - Scarlett Whitening Official,54,0,0,4,1.029646724658264,58,"[""Murah"", ""Borong"", ""Checkout"", ""SuperBrandDay"", ""400Ribu""]"
11300000,2025-02-28 00:00:00,Parfum kali ini diracik untuk momen yang spesial dan juga melibatkan orang-orang spesial.  Kira-kira siapa ya orang-orang spesial itu?  Stay tuned! 03.03.2025,-,original sound  - Scarlett Whitening Official,4550,27,177,379,0.04542477876106195,5133,"[""Parfum"", ""Diracik"", ""Momen Spesial"", ""Orang Spesial"", ""03.03.2025""]"
11600,2025-02-28 00:00:00,Guys!! Super Brand Day IS HERE ğŸ’—  Yuk buruan checkouttt keburu kehabisan waktunyaaa~  #SuperBrandDay  ,#SuperBrandDay ,original sound  - Scarlett Whitening Official,67,4,0,3,0.6379310344827587,74,"[""Super Brand Day"", ""Checkout"", ""Buruan"", ""Kehabisan"", ""Waktunya""]"
4710,2025-02-28 00:00:00,OVERPROMO! Hemat hingga 50% Buy 3 Get 3! Yuk checkout sekarangğŸ˜ #SuperBrandDay  ,#SuperBrandDay ,original sound  - Scarlett Whitening Official,34,2,2,0,0.8067940552016986,38,"[""OVERPROMO"", ""Hemat"", ""50%"", ""Buy 3 Get 3"", ""Checkout"", ""SuperBrandDay""]"
3203,2025-02-28 00:00:00,"Minett mau kasih diskon buat kamu semua! Special super brand day Body Lotion Tube Scarlett  cuma 20 ribuan aja!   Tunggu apa lagi, yuk checkout sekarang!ğŸ˜ #SuperBrandDay ",#SuperBrandDay ,original sound  - Scarlett Whitening Official,23,1,0,0,0.7492975335622853,24,"[""Diskon"", ""Super Brand Day"", ""Body Lotion"", ""Scarlett"", ""20 Ribuan"", ""Checkout""]"
4372,2025-02-28 00:00:00,Prepare yourself for Super Brand Day promo!  ğŸ’°Buy 5 G Get 10 khusus Face Care & Body Care  ğŸ’°Harga start 20RB-an aja ğŸ’°Discount up to 50%  Go checkout now!ğŸ›ï¸ #SuperBrandDay  ,#SuperBrandDay ,original sound  - Scarlett Whitening Official,30,2,1,1,0.777676120768527,34,"[""Super Brand Day"", ""promo"", ""Face Care"", ""Body Care"", ""Discount"", ""harga""]"
2610,2025-02-28 00:00:00,SUPER BRAND DAY PROMO IS BACK!! Did you miss us? Cause we miss you.  ğŸ’°Buy 5 G Get 10 khusus Face Care & Body Care  ğŸ’°Harga start 20RB-an aja ğŸ’°Discount up to 50%  Go checkout now!ğŸ›ï¸ #SuperBrandDay  ,#SuperBrandDay ,original sound  - Scarlett Whitening Official,26,2,0,1,1.1111111111111112,29,"[""Super Brand Day"", ""promo"", ""Face Care"", ""Body Care"", ""Discount"", ""harga""]"
3972,2025-02-28 00:00:00,Scarlett lagi ada promo besar-besaran di Super Brand Day!  ğŸ’°Buy 5 G Get 10 khusus Face Care & Body Care  ğŸ’°Harga start 20RB-an aja ğŸ’°Discount up to 50%  Go checkout now!ğŸ›ï¸ #SuperBrandDay  ,#SuperBrandDay ,original sound  - Scarlett Whitening Official,32,0,0,1,0.8308157099697886,33,"[""Scarlett"", ""promo"", ""Super Brand Day"", ""Face Care"", ""Body Care"", ""Discount"", ""harga""]"
2786,2025-02-28 00:00:00,"Foolish one pake banyak banget rangkaian perawatan tubuh, padahal cuma pake si AHA Body Serum ini udah bisa banget buat eksfoliasi, kulit jadi lembut, kulit jadi cerah dan lembap. #AHAmazingSkinğŸ˜œ  ",#AHAmazingSkinğŸ˜œ ,original sound  - Scarlett Whitening Official,29,0,2,2,1.1844938980617372,33,"[""perawatan tubuh"", ""AHA Body Serum"", ""eksfoliasi"", ""kulit lembut"", ""kulit cerah"", ""lembap"", ""AHAmazingSkin""]"
2541,2025-02-28 00:00:00,"Kalau laper makan mie, kalau mau promo just call meğŸ¤™ğŸ˜œ  #SuperBrandDay ",#SuperBrandDay ,original sound  - Scarlett Whitening Official,30,0,0,2,1.2593467138921683,32,"[""promo"", ""Super Brand Day""]"
15900,2025-02-27 00:00:00,POV: MATEMATIKA CUSTOMER  Beli produk Scarlett face care banyak free-nya! ğŸ›ï¸  Tunggu apa lagi buruan checkout sebelum kehabisan!  #SuperBrandDay ,#SuperBrandDay ,original sound  - Scarlett Whitening Official,72,0,2,3,0.48427672955974843,77,"[""Scarlett"", ""face care"", ""free"", ""checkout"", ""SuperBrandDay""]"
16800,2025-02-27 00:00:00,Body Lotion Serba 20RIBU-an BestieğŸ¥°  Kapan lagi? Cuma di #SuperBrandDay   Jangan sampai kehabisan~,#SuperBrandDay ,original sound  - Scarlett Whitening Official,90,0,1,1,0.5476190476190477,92,"[""Body Lotion"", ""20RIBU-an"", ""Bestie"", ""SuperBrandDay"", ""kehabisan""]"
16300,2025-02-27 00:00:00,Gak nyangka....  Masih ada #SuperBrandDay  Buy 5 Get 10 bahkan diskon sampai 50%  Ada juga special launching Blue Hydra HARGA KHUSUSâ­ï¸ Yuk Checkout SekarangğŸ›,#SuperBrandDay ,original sound  - Scarlett Whitening Official,76,5,3,4,0.5398773006134969,88,"[""SuperBrandDay"", ""Buy 5 Get 10"", ""diskon"", ""Blue Hydra"", ""Checkout"", ""special launching""]"
221600,2025-02-27 00:00:00,"Scarlett berulah lagi?ğŸ˜±  Iya, soalnya kali ini diskon besar-besaran di #SuperBrandDayğŸ’—  Yuk checkout SEKARAAANGğŸ›",#SuperBrandDayğŸ’— ,original sound  - Scarlett Whitening Official,584,6,19,24,0.28564981949458484,633,"[""Scarlett"", ""diskon"", ""besar-besaran"", ""SuperBrandDay"", ""checkout""]"
9099,2025-02-27 00:00:00,Yah... jadinya checkout Scarlett dehğŸ«¢  #SuperBrandDay  ,#SuperBrandDay ,original sound  - Scarlett Whitening Official,46,1,3,3,0.5824815913836686,53,"[""checkout"", ""Scarlett"", ""SuperBrandDay""]"
3939,2025-02-27 00:00:00,Kita lihat berapa banyak yang checkout kalau promo Super Brand Day sebanyak iniğŸ˜‰   ğŸ’°Buy 5 G Get 10 khusus Face Care & Body Care  ğŸ’°Harga start 20RB-an aja ğŸ’°Discount up to 50%  Go checkout now!ğŸ›ï¸ #SuperBrandDay  ,#SuperBrandDay ,original sound  - Scarlett Whitening Official,28,0,1,1,0.7616146230007617,30,"[""Super Brand Day"", ""promo"", ""Face Care"", ""Body Care"", ""Discount"", ""checkout""]"
2732,2025-02-27 00:00:00,Ketika editor ngambekâ€¦  Masa lagi ngereview parfum tiba-tiba jadi marah terus jedag jedugğŸ˜­,-,original sound  - Scarlett Whitening Official,28,3,2,1,1.2445095168374818,34,"[""review"", ""parfum"", ""editor"", ""marah""]"
3825,2025-02-27 00:00:00,"Ubur-ubur ikan lele, diskon produk baru jangan sampe kelewatan leeğŸ’— Tunggu apa lagi yuk checkout sekarangğŸ›ï¸ #SuperBrandDay",-,original sound  - Scarlett Whitening Official,39,2,0,2,1.1241830065359477,43,"[""diskon"", ""produk baru"", ""checkout"", ""Super Brand Day""]"
3597,2025-02-27 00:00:00,âŒ Beli karena butuh âœ… Beli karena banyak gratisan  FREE GIFT BELI 5 DAPAT 10!   Tunggu apa lagi yuk checkout sekarangğŸ›ï¸ #SuperBrandDay,-,original sound  - Scarlett Whitening Official,23,2,0,1,0.7228245760355853,26,"[""gratisan"", ""FREE GIFT"", ""beli 5 dapat 10"", ""checkout"", ""Super Brand Day""]"
3121,2025-02-27 00:00:00,2 vibes Perfume!  Garden of Whisper vibesnya kayak lagi mau picnic date ğŸ§ºğŸ©· Purple Kiss cocok untuk dinner date bareng kesayanganğŸ½ï¸ğŸ’œ  #PerfectScentForEveryMoment,-,original sound  - Scarlett Whitening Official,32,0,4,3,1.2495994873438,39,"[""Perfume"", ""vibes"", ""picnic date"", ""dinner date"", ""PerfectScentForEveryMoment"", ""Purple Kiss"", ""Garden of Whisper""]"
4891,2025-02-26 00:00:00,Jawaban untuk kulit kemerahan-muâœ¨  ğŸ©µ Blue Hydra Intensive Calming Solution ğŸ©µ  âœ¨ Azulene-Allantoin âœ¨ 15% Hydra Infusion  Gunakan setiap pagi dan malam untuk tenangkan kulitmu~,-,original sound  - Scarlett Whitening Official,33,2,2,0,0.7564915150276017,37,"[""kulit kemerahan"", ""Blue Hydra"", ""Calming Solution"", ""Azulene-Allantoin"", ""Hydra Infusion"", ""tenangkan kulit""]"
8324,2025-02-26 00:00:00,Yuk checkout promo Super Brand Day sekarangğŸ¥¹  #SuperBrandDay,-,original sound  - Scarlett Whitening Official,68,0,7,2,0.925036040365209,77,"[""promo"", ""Super Brand Day"", ""checkout""]"
4128,2025-02-26 00:00:00,"Day to day ""tenangin"" kulit pakai Blue Hydra Intensive Calming Solution  Setiap hari pagi dan malam untuk dapatkan kulit yang glowing dan plumpy~ #SuperBrandDay ",#SuperBrandDay ,original sound  - Scarlett Whitening Official,23,7,5,0,0.8478682170542635,35,"[""tenangin kulit"", ""Blue Hydra"", ""Calming Solution"", ""glowing"", ""plumpy"", ""Super Brand Day""]"
2433,2025-02-26 00:00:00,GAJIAN PASTI CUAN - FREE GIFT BELI 5 DAPAT 10  Tunggu apa lagi buruan checkout sebelum kehabisan!  #SuperBrandDay ,#SuperBrandDay ,original sound  - Scarlett Whitening Official,29,0,5,0,1.3974517057131115,34,"[""GAJIAN PASTI CUAN"", ""FREE GIFT"", ""beli 5 dapat 10"", ""checkout"", ""Super Brand Day""]"
2251,2025-02-26 00:00:00,Kenapa gak ada yang kasih tau sih?ğŸ˜­ Padahal produk terbaru Scarlett lagi diskon gede-gedean!ğŸ˜±  Yuk buruan checkout sekarang ğŸ‰ #SuperBrandDay ,#SuperBrandDay ,original sound  - Scarlett Whitening Official,21,0,0,3,1.0661928031985786,24,"[""produk terbaru"", ""Scarlett"", ""diskon"", ""checkout"", ""Super Brand Day""]"
6326,2025-02-26 00:00:00,Gajian pasti CUANâ­ï¸  Udah punya wishlist? Waktunya beli BEST DEAL after gajian nih~  #SuperBrandDay,-,original sound  - Scarlett Whitening Official,62,2,0,3,1.059121087575087,67,"[""Gajian"", ""CUAN"", ""wishlist"", ""BEST DEAL"", ""beli""]"
2655,2025-02-26 00:00:00,20RIBU Bisa dapet apa?ğŸ‘€  Dapet skincare Scarlett dong!ğŸ¥° Yuk buruan checkout di e-commerce Scarlett OfficialğŸ› #SuperBrandDay,-,original sound  - Scarlett Whitening Official,27,2,1,2,1.2052730696798493,32,"[""20RIBU"", ""skincare"", ""Scarlett"", ""checkout"", ""e-commerce""]"
1316,2025-02-26 00:00:00,Mau jadi calon menantu yang baik gak? Buruan checkout Scarlett bener2 lagi banting harga loh masa 10 produk cuma 300 ribuan?!    #SuperBrandDay,-,original sound  - Scarlett Whitening Official,13,4,2,1,1.5197568389057752,20,"[""menantu"", ""checkout"", ""Scarlett"", ""banting harga"", ""produk"", ""murah""]"
1572,2025-02-26 00:00:00,Beli produk banyak free-nya? Iyadong! Beli produk-produk skincare dan body care di Scarlett kamu bisa dapet banyak free gift lohğŸ’—  Yuk checkout sekarang #SuperBrandDay,-,original sound  - Scarlett Whitening Official,30,4,0,4,2.4173027989821882,38,"[""produk"", ""free"", ""skincare"", ""body care"", ""Scarlett"", ""free gift"", ""checkout""]"
9463,2025-02-26 00:00:00,KEJADIAN HORROR DI KAMAR MANDI KANTOR!  #SuperBrandDay,-,original sound  - Scarlett Whitening Official,65,5,6,6,0.8665328120046497,82,"[""HORROR"", ""KAMAR MANDI"", ""KEJADIAN"", ""KANTOR""]"
2435,2025-02-26 00:00:00,"Jangan lewatkan gajian tambah cuan!  Ada Big Sale buat kamu, flash sale, free gift, buy more save more dan masih banyak lagi!  #SuperBrandDay",-,original sound  - Scarlett Whitening Official,31,0,1,2,1.3963039014373715,34,"[""Big Sale"", ""flash sale"", ""free gift"", ""buy more save more"", ""cuan"", ""diskon""]"
3620,2025-02-26 00:00:00,ğŸ©µOFFICIALLY LAUNCHğŸ©µ  âœ¨BLUE HYDRA INTENSIVE CALMING SOLUTIONâœ¨  Menenangkan dan menghidrasi kulit secara MAKSIMAL  ğŸ©µ Azulene-Allantoin ğŸ©µ 15% Hydra Infusion  Memberikan hasil kulit plumpy dan sehat impian-mu  Tersedia di All Scarlett Official Platform ğŸ›ï¸,-,original sound  - Scarlett Whitening Official,38,0,2,2,1.1602209944751383,42,"[""calming solution"", ""menenangkan"", ""menghidrasi"", ""kulit plumpy"", ""sehat"", ""Azulene-Allantoin"", ""Hydra Infusion""]"
3210,2025-02-26 00:00:00,"Jangan sampai salah apply perfume ya, Sahabat Scarlett!  #PerfectScentForEveryMoment",-,original sound  - Scarlett Whitening Official,30,0,4,5,1.2149532710280373,39,"[""perfume"", ""apply perfume"", ""salah apply"", ""wangi"", ""parfum"", ""scent""]"
5443,2025-02-25 00:00:00,ğŸ”” Super Brand Day is Calling ğŸ””  Menyambut Ramadan dengan diskon besar-besaranâ­ï¸ Catat promonya go checkout NOW!ğŸ› #SuperBrandDay ,#SuperBrandDay ,original sound  - Scarlett Whitening Official,38,3,4,5,0.9186110600771633,50,"[""diskon"", ""promo"", ""Ramadan"", ""Super Brand Day"", ""checkout"", ""sale""]"
19800,2025-02-25 00:00:00,Aku tidak bercerita tapi checkout terus karena produk Scarlett lagi pada Diskin 50% Gajian Pasti CuanğŸ˜ #SuperBrandDay,-,original sound  - Scarlett Whitening Official,101,4,3,5,0.5707070707070707,113,"[""diskon"", ""50%"", ""Gajian"", ""Cuan"", ""checkout"", ""produk Scarlett""]"
14800,2025-02-25 00:00:00,Promo Scarlett bundling beli 3 dapat 6ğŸ˜  Hanya di Super Brand Day! Go checkout nowğŸ›ï¸ #SuperBrandDay,-,original sound  - Scarlett Whitening Official,96,6,9,19,0.8783783783783784,130,"[""Promo"", ""Scarlett"", ""bundling"", ""Super Brand Day"", ""beli 3 dapat 6""]"
2907,2025-02-25 00:00:00,Promo Scarlett bundling beli 3 dapat 6ğŸ˜  Hanya di Super Brand Day! Go checkout nowğŸ›ï¸ #SuperBrandDay,-,original sound  - Scarlett Whitening Official,19,2,1,1,0.7911936704506364,23,"[""Promo"", ""Scarlett"", ""bundling"", ""Super Brand Day"", ""beli 3 dapat 6""]"
64200,2025-02-25 00:00:00,"Promo Free Gift beli 5 dapat 10 is comingğŸ˜ğŸ˜  Setiap pembelian Face Care Series dapat FREE 2 Sachet Aqua Reset GLOW BRIGHT, mini calendar 2025, kipas dan stikerğŸ©·  Go checkout now!ğŸ›ï¸ #SuperBrandDay",-,original sound  - Scarlett Whitening Official,106,0,2,4,0.17445482866043613,112,"[""Promo"", ""Free Gift"", ""Face Care Series"", ""Aqua Reset"", ""GLOW BRIGHT"", ""beli 5 dapat 10""]"
3821,2025-02-25 00:00:00,"Kado anniversary buat pacar, aku beliin Jolly Box dia langsung se-happy ituğŸ©·",-,original sound  - Scarlett Whitening Official,34,1,0,1,0.942161737764983,36,"[""Kado"", ""anniversary"", ""pacar"", ""Jolly Box"", ""Scarlett""]"
3950,2025-02-25 00:00:00,Scarlett lagi sedekah atau gimanasih? ğŸ˜­  Promonya BANYAK BANGEEET! Inimah bisa buat stock berbulan-bulan~  Yuk jangan sampai ketinggalan promo-nya #SuperBrandDay,-,original sound  - Scarlett Whitening Official,29,1,1,0,0.7848101265822786,31,"[""Scarlett"", ""Promo"", ""sedekah"", ""stock"", ""Super Brand Day"", ""banyak""]"
15900,2025-02-24 00:00:00,Maaf ya jadi bikin checkout banyak...   Soalnya Body Lotion Scarlett harganya cuma 20RB-an di Super Brand DayğŸ˜ Go checkout now!ğŸ›ï¸ #SuperBrandDay,-,original sound  - Scarlett Whitening Official,95,1,0,3,0.6226415094339622,99,"[""Body Lotion"", ""Scarlett"", ""20RB-an"", ""Super Brand Day"", ""checkout"", ""murah""]"
6016,2025-02-24 00:00:00,Ubur-ubur ikan lele Scarlett lagi bagi-bagi produk gratis lee  Go checkout now!ğŸ›ï¸ #SuperBrandDay,-,original sound  - Scarlett Whitening Official,51,0,2,2,0.9142287234042553,55,"[""Scarlett"", ""produk gratis"", ""Super Brand Day"", ""checkout"", ""ubur-ubur"", ""ikan lele""]"
19100,2025-02-24 00:00:00,"Tebak harga produk Scarlett di Super Brand Day!ğŸ’—  Siapa sangka bakal se-MURAH ini?ğŸ˜­ Cuma 99RIBU bisa dapet 3 ITEMSâ­ï¸  Bahkan kamu bisa dapetin FREE GIFT lho, yuk checkout! #SuperBrandDay",-,original sound  - Scarlett Whitening Official,91,1,1,1,0.4921465968586387,94,"[""harga"", ""Scarlett"", ""Super Brand Day"", ""murah"", ""99RIBU"", ""3 ITEMS"", ""FREE GIFT""]"
4693,2025-02-24 00:00:00,Serba 37ribuan ajağŸ˜ Produk-produk Scarlett di Gajian pasti cuan bener-bener semurah ituğŸ¥¹  Kapan lagi dapet produk semurah ini! Yuk checkout sekarang #SuperBrandDay,-,original sound  - Scarlett Whitening Official,40,0,0,3,0.9162582569784786,43,"[""37ribuan"", ""Scarlett"", ""Gajian"", ""murah"", ""checkout"", ""Super Brand Day"", ""produk""]"
3627,2025-02-24 00:00:00,Gajian pasti cuan! Kamu bisa dapetin produk Scarlett termurah mulai dari Beli 5 Dapat 10 dan Diskon 50% Tunggu apa lagi yuk checkout sekarang!  #SuperBrandDay,-,original sound  - Scarlett Whitening Official,49,0,2,4,1.516404742211194,55,"[""Gajian"", ""Scarlett"", ""murah"", ""Beli 5 Dapat 10"", ""Diskon 50%"", ""checkout"", ""Super Brand Day""]"
3597,2025-02-24 00:00:00,Are you ready for Super Brand Day?   ğŸ’°Buy 5 G Get 10 khusus Face Care & Body Care  ğŸ’°Harga start 20RB-an aja ğŸ’°Discount up to 50%  Go checkout now!ğŸ›ï¸ #SuperBrandDay,-,original sound  - Scarlett Whitening Official,33,1,0,4,1.05643591882124,38,"[""Face Care"", ""Body Care"", ""Discount"", ""SuperBrandDay"", ""Harga""]"
4012,2025-02-24 00:00:00,"1 Kakak 7 PonakanâŒ 1 Promo 7 Produkâœ…  Setiap pembelian 7pcs dapat freebies kipas, sunscreen sachet, dan sticker Bisa hemat hingga 160RB juga lhoğŸ›ï¸  Join live sekarangğŸ›ï¸ #SuperBrandDay",-,original sound  - Scarlett Whitening Official,25,0,1,2,0.6979062811565304,28,"[""Promo"", ""Produk"", ""Freebies"", ""Sunscreen"", ""Hemat"", ""SuperBrandDay""]"
2718,2025-02-24 00:00:00,Step by step skincare untuk acne fighter!ğŸ’—,-,original sound  - Scarlett Whitening Official,32,0,4,3,1.434878587196468,39,"[""Skincare"", ""Step by step"", ""Acne fighter""]"
3712,2025-02-23 00:00:00,Kulit kamu berjerawat? Ternyata setiap lokasi jerawat bisa disebabkan oleh hal yang berbeda lho! ,-,original sound  - Scarlett Whitening Official,29,0,2,2,0.8890086206896552,33,"[""Kulit"", ""Berjerawat"", ""Jerawat"", ""Lokasi jerawat"", ""Disebabkan""]"
3592,2025-02-23 00:00:00,Itâ€™s Blueâ€¦  Itâ€™s Calmingâ€¦  Get Ready to Get Yours!  25.2.25,-,original sound  - Scarlett Whitening Official,52,3,5,3,1.7538975501113587,63,"[""Blue"", ""Calming"", ""Get Ready""]"
3629,2025-02-23 00:00:00,Rekomendasi Perfume yang cocok untuk blind buyğŸ˜  Menurut kamu apa varian Perfume yang paling blind buy friendly? Komen di bawah yaağŸ©·,-,original sound  - Scarlett Whitening Official,45,0,2,1,1.3226784238082117,48,"[""Perfume"", ""blind buy"", ""varian""]"
3402,2025-02-23 00:00:00,"Bukan Acne-Prone Skin, tapi kulit aku kemerahan dan sensitifğŸ˜–  Harus lebih selektif milih skincare, salah dikit bisa breakout parah. Bahkan kulit bisa sampai ngelupas dan iritasiğŸ˜­   Kamu juga suka ngerasa gini gak? Ceritain struggle kulit kemerahan dan sensitif kamu juga dong!",-,original sound  - Scarlett Whitening Official,44,2,3,2,1.4991181657848323,51,"[""Acne-Prone Skin"", ""kemerahan"", ""sensitif"", ""skincare"", ""breakout"", ""iritasi""]"
5963,2025-02-23 00:00:00,"Throwback Ramadan 2024âœ¨  Ramadan tahun lalu merupakan moment yang sangat berhargağŸ’— Mulai dari Food Truck Ramadan, beasiswa, pembangunan masjid, dan Umroh Bareng Sahabat Scarlett 2025 yang bikin terharu.  Gak sabar sambut Manisnya Ramadan 2025, karena ada kesempatan buat kamu raih Umroh Bareng Scarlett 2025ğŸ’—",-,original sound  - Scarlett Whitening Official,82,1,2,3,1.4757672312594332,88,"[""Ramadan"", ""Umroh"", ""Sahabat Scarlett"", ""beasiswa"", ""Scarlett""]"
11000,2025-02-22 00:00:00,"ğŸ—£ï¸SCARLETT PROMO BESAR-BESARANâ€¼ï¸  Scarlett hadir dengan HARGA BANTING di Female Daily WAREHOUSE SALE 2025ğŸ˜ğŸ’¸  Yuk buruan datang ke  ğŸ“Grand Indonesia West Mall, lantai 5  ğŸ—“ï¸21-23 Februari 2025   Di sana Scarlett ada promo besar-besaran: ğŸ’°All item start 45RB ğŸ’°Beli 3 only 100RB ğŸ’°Buy 1 Get 1 ğŸ’°Buy 2 Get 3  Jangan lupa datang karena STOCK TERBATASâ€¼ï¸",-,original sound  - Scarlett Whitening Official,71,2,1,2,0.6909090909090909,76,"[""Scarlett"", ""promo"", ""Female Daily"", ""WAREHOUSE SALE"", ""diskon"", ""murah""]"
6501,2025-02-22 00:00:00,All week with Scarlett Body Care #BrightItOn  ,#BrightItOn ,original sound  - Scarlett Whitening Official,55,7,7,7,1.1690509152438087,76,"[""Scarlett"", ""Body Care"", ""BrightItOn"", ""minggu"", ""perawatan tubuh""]"
3423,2025-02-22 00:00:00,"Merayakan valentine bareng kesayangan~  Tapi... memaknai hari kasih sayang bukan merayakan bersama yang tersayang, melainkan perlu untuk sayang diri sendiri juga lhoğŸ’—  Apakah kamu sudah menyayangi diri kamu sendiri hari ini?â­ï¸",-,original sound  - Scarlett Whitening Official,41,2,0,3,1.3438504236050248,46,"[""kasih sayang"", ""sayang diri"", ""merayakan"", ""valentine"", ""diri sendiri""]"
239500,2025-02-22 00:00:00,"ASMR Discovey Setâœ¨  ğŸƒGreen Blossom Set: Eau de Parfum La Foret Fairy, Sweet Memories, & Wonderland ğŸ’Classy Floral Set: Eau de Parfum Dreamy, Sweet Memories, & Euphoria  Discover your scent with Discovery SetğŸŒŸ #PerfectScentForEveryMoment  ",#PerfectScentForEveryMoment ,original sound  - Scarlett Whitening Official,781,24,44,104,0.39791231732776616,953,"[""Eau de Parfum"", ""Scent"", ""Discovery Set"", ""Parfum"", ""Blossom"", ""Floral"", ""PerfectScentForEveryMoment""]"
12900,2025-02-21 00:00:00,Rekomendasi parfum Scarlett untuk anak sekolah!  Kamu pakai parfum yang mana nih Sahabat Scarlett?ğŸ¥°,-,original sound  - Scarlett Whitening Official,199,3,7,61,2.0930232558139537,270,"[""Rekomendasi"", ""parfum"", ""Scarlett"", ""anak sekolah"", ""Sahabat Scarlett""]"
4830,2025-02-21 00:00:00,POV ngerampok isi tas cewek...,-,original sound  - Scarlett Whitening Official,52,2,1,2,1.1801242236024845,57,"[""tas cewek"", ""ngerampok"", ""isi tas""]"
6759,2025-02-21 00:00:00,Acne Fighter too? This is some tips for you!  Pakai step by step skincare harus super hati-hati~,-,original sound  - Scarlett Whitening Official,77,1,3,3,1.2427873945849977,84,"[""Acne Fighter"", ""tips"", ""skincare"", ""step by step"", ""hati-hati""]"
4941,2025-02-21 00:00:00,"Clean in a week? Kok bisa?   Sahabat Scarlett, can you guest?",-,original sound  - Scarlett Whitening Official,56,3,4,3,1.3357619914996965,66,"[""Clean"", ""week"", ""Scarlett"", ""bersih"", ""cepat""]"
3754,2025-02-20 00:00:00,Seru banget deh event couple yoga untuk valentine's day kemarinğŸ©·,-,original sound  - Scarlett Whitening Official,47,4,1,3,1.4651038891848696,55,"[""event"", ""couple"", ""yoga"", ""valentine's day"", ""seru""]"
4583,2025-02-20 00:00:00,"Minjem barang di isi pouch boss Scarlett, gini rasanya punya boss rasa kakak",-,original sound  - Scarlett Whitening Official,99,4,2,8,2.4656338642810383,113,"[""pouch"", ""boss"", ""Scarlett"", ""kakak"", ""barang""]"
3052,2025-02-20 00:00:00,"Start your day with Garden of WhisperğŸ©·  ğŸŒ·Wanginya floral, fruity, sweet ğŸ•Wangi lebih tahan lama ğŸŒŸPickMeUp Scentzâ„¢ Technology yang membuat mood jadi lebih bahagia & percaya diri  Go checkout now! #CelebrateEveryLoveStory #ExtraitDeAmour",-,original sound  - Scarlett Whitening Official,59,5,6,5,2.45740498034076,75,"[""floral"", ""fruity"", ""sweet"", ""tahan lama"", ""mood"", ""percaya diri"", ""Scentz""]"
2977,2025-02-20 00:00:00,Minta ChatGPT buat bikinin konten lucuâ€¦ Lucu gak nih kira-kira?ğŸ˜—,-,original sound  - Scarlett Whitening Official,51,2,2,2,1.9146792072556267,57,"[""ChatGPT"", ""konten"", ""lucu"", ""bikinin"", ""minta""]"
9986,2025-02-20 00:00:00,"Bukan Scarlett namanya kalau nggak bikin glowing & wangi luxury ğŸŒ·ğŸ’–   Dengan formula yang bikin kulit glowing plus aroma parfum mewah, Scarlett Fragrance Body Care siap upgrade self-care routine-mu. Bareng @jkt48 Scarlett hadirkan wangi terbaik untukmuğŸ©·  Jadi kamu, udah koleksi all varian belum? ",-,original sound  - Scarlett Whitening Official,653,16,32,62,7.640696975766073,763,"[""glowing"", ""wangi"", ""luxury"", ""Scarlett"", ""Fragrance"", ""Body Care"", ""self-care""]"
66700,2025-02-19 00:00:00,Mau beli Perfume Scarlett di Watsons tapi malah ketemu kak @bebytsabina ğŸ˜±  Sekalian aja deh minta rekomendasi Perfume dari kak BebyğŸ¥°   Perfume Scarlett sudah available di Watsons! ,-,original sound  - Scarlett Whitening Official,1289,13,23,126,2.175412293853073,1451,"[""Perfume"", ""Scarlett"", ""Watsons"", ""rekomendasi"", ""Bebytsabina"", ""available""]"
569700,2025-02-19 00:00:00,Dulu punya kulit super kering & kusam! Sampai akhirnya ketemu sama produk iniğŸ˜ #BrightItOn,-,original sound  - Scarlett Whitening Official,1053,12,61,139,0.222046691241004,1265,"[""kulit"", ""kering"", ""kusam"", ""produk"", ""BrightItOn""]"
3111,2025-02-19 00:00:00,Daily Reminder #2  It's time to change your mindset~,-,original sound  - Scarlett Whitening Official,34,2,5,3,1.4143362262937962,44,"[""Daily"", ""Reminder"", ""mindset"", ""change""]"
18000,2025-02-19 00:00:00,"Kira-kira kak @felicyangelista_  bener gak ya, nebak semua parfum-nya Scarlett?",-,original sound  - Scarlett Whitening Official,401,6,6,29,2.4555555555555557,442,"[""parfum"", ""Scarlett"", ""Felicyangelista"", ""nebak""]"
13800,2025-02-18 00:00:00,"Perfume 101: Layering Scarlett Perfumeâœ¨ Biar wanginya makin unik, cobain mix & match perfume kamu yuk!  ğŸŒ·Sweet Memories + Euphoria ciptakan aroma yang  Fruity & Sweet ğŸŒ¸La Foret Fairy + Dreamy dilayering jadi aroma yang Floral & Sweet  Pengen coba ciptakan wangi khas kamu? Bisa Checkout Scarlett Discovery Set sekarang! ğŸ›’âœ¨",-,original sound  - Scarlett Whitening Official,127,7,2,11,1.065217391304348,147,"[""Perfume"", ""Layering"", ""Scarlett"", ""Aroma"", ""Mix"", ""Match"", ""Wangi""]"
14900,2025-02-18 00:00:00,"Para affiliate, merapaat~  Tengok keseruan Affilitate Gathering kemarin, banyak banget insight menarik yang didapetin seputar produk Scarlett untuk para affiliateğŸ’—  Yuk ikutan Affiliate Scarlett buat dapetin banyak benefit menarik~",-,original sound  - Scarlett Whitening Official,237,20,38,13,2.0671140939597312,308,"[""Affiliate"", ""Scarlett"", ""Produk"", ""Benefit"", ""Insight"", ""Gathering""]"
5500000,2025-02-18 00:00:00,Rekomendasi Perfume dari kak@felicyangelista_ ! Kira-kira kalau kamu favorit-nya yang mana?,-,original sound  - Scarlett Whitening Official,39100,800,960,7275,0.8751818181818182,48135,"[""Rekomendasi"", ""Perfume"", ""Scarlett"", ""Favorit"", ""@felicyangelista_""]"
15100,2025-02-17 00:00:00,"Ketika mau meeting bareng kak @immanuel caesar hito , langsung buru-buru touch up perfume dan body serum biar wangi depan kak HitoğŸ‘€",-,original sound  - Scarlett Whitening Official,120,4,3,3,0.8609271523178808,130,"[""Perfume"", ""Body Serum"", ""Wangi"", ""Touch Up"", ""@immanuelcaesarhito""]"
5240,2025-02-17 00:00:00,Tanya-tanya mending gak pake makeup atau bodycare?ğŸ¤” Ternyata ini jawabannya!,-,original sound  - Scarlett Whitening Official,70,4,2,5,1.545801526717557,81,"[""Makeup"", ""Bodycare"", ""Tanya"", ""Jawaban""]"
7455,2025-02-17 00:00:00,Lucu banget merekağŸ©·ğŸ¥¹,-,original sound  - Scarlett Whitening Official,129,1,3,6,1.864520456069752,139,[]
7366,2025-02-16 00:00:00,"Kalau kamu mau wanginya oriental & amber, mending langsung cobain Golden ElixirğŸ˜  ğŸ•Wanginya tahan lebih lama ğŸ’«Wellness Scentzâ„¢ï¸ technology yang meningkatkan positivitas pada diri agar lebih percaya diri dan optimis  #PerfectScentForEveryMoment  ",#PerfectScentForEveryMoment ,original sound  - Scarlett Whitening Official,73,3,14,7,1.316861254412164,97,"[""wangi"", ""oriental"", ""amber"", ""tahan lama"", ""positivitas"", ""percaya diri""]"
60900,2025-02-16 00:00:00,"Dibikin gagal fokus sama  teman kantor, ternyata rahasianyaâ€¦   Cuma pakai Parfum Scarlett aja kok!ğŸŒŸ  ğŸŒWanginya mewah diracik oleh World Class Perfumer ğŸ•Wanginya tahan lebih lama   Dan plusnya lagi, Scarlett ada banyak variannya yang bisa dicocokin sama mood & occasion kamuğŸ©·  #PerfectScentForEveryMoment  #WanginyaBikinGagalFokus ","#PerfectScentForEveryMoment , #WanginyaBikinGagalFokus ",original sound  - Scarlett Whitening Official,287,7,3,19,0.5188834154351396,316,"[""parfum"", ""Scarlett"", ""wangi"", ""mewah"", ""tahan lama"", ""varian"", ""mood""]"
10000,2025-02-15 00:00:00,Girl Math!! Beli 3 parfum tapi bisa dapat 6 scent yang berbeda? Yakali gak langsung checkoutğŸ˜  Discover your scent with Discovery SetğŸŒŸ #PerfectScentForEveryMoment,-,original sound  - Scarlett Whitening Official,78,13,2,3,0.96,96,"[""parfum"", ""scent"", ""berbeda"", ""checkout"", ""discovery set""]"
10500,2025-02-15 00:00:00,Gift to your girlfriend!ğŸ©·,-,original sound  - Scarlett Whitening Official,54,2,2,4,0.5904761904761905,62,"[""gift"", ""girlfriend""]"
5860,2025-02-15 00:00:00,Apa bedanya ketiga Aqua Reset & Barrier Gel Moisturizer?   Ada yang masih bingung? Nih guide untuk tentuin Scarlett Gel Moisturizer yang cocok untuk permasalahan kulit kamu~,-,original sound  - Scarlett Whitening Official,73,3,1,2,1.348122866894198,79,"[""Aqua Reset"", ""Barrier Gel Moisturizer"", ""Scarlett"", ""permasalahan kulit"", ""guide""]"
7261,2025-02-15 00:00:00,Kadoin pasangan di hari Valentine pakai Scarlett AHA Body Serum dan Scarlett Body Lotion ajağŸ¥¹,-,original sound  - Scarlett Whitening Official,80,1,2,10,1.2808153146949455,93,"[""Kado"", ""Valentine"", ""Scarlett"", ""AHA Body Serum"", ""Body Lotion"", ""pasangan""]"
3965,2025-02-15 00:00:00,Kalo kamu jadi karyawan bakal gimana?ğŸ¤”ğŸ¤”,-,original sound  - Scarlett Whitening Official,40,1,0,2,1.0844892812105928,43,[]
7093,2025-02-14 00:00:00,"Tau gak eksfoliasi itu apa? Gimana caranya? Fungsinya untuk apa?   Minett challenge pengetahuan Sahabat Scarlett seputar eksfoliasi nih, kira-kira mereka tahu gak ya?",-,original sound  - Scarlett Whitening Official,65,0,2,4,1.0009868884816016,71,"[""eksfoliasi"", ""Sahabat Scarlett"", ""pengetahuan"", ""fungsi"", ""caranya""]"
4899,2025-02-14 00:00:00,"Pick product favorit kamu! Skincare Scarlett Edition~  Kalau disuruh pilih, kamu pilih yang mana nih Sahabat Scarlett?  #LevelUpYourGlowSkin",-,original sound  - Scarlett Whitening Official,46,2,0,4,1.0614411104307002,52,"[""produk favorit"", ""Skincare"", ""Scarlett"", ""Sahabat Scarlett"", ""LevelUpYourGlowSkin"", ""pilih""]"
6590,2025-02-14 00:00:00,"Sunscreen kamu masih bikin lengket?   Pakai Ultra Light Daily Sunscreen, dong! Proteksinya maksimal, tapi teksturnya super ringan, nggak bikin minyakan dan #GakBikinLengket !  Dapatkan sekarang di official e-commerce Scarlett!",#GakBikinLengket ,original sound  - Scarlett Whitening Official,69,6,6,3,1.274658573596358,84,"[""Sunscreen"", ""Ultra Light"", ""Proteksi"", ""Tekstur Ringan"", ""GakBikinLengket""]"
8707,2025-02-14 00:00:00,"Untuk merayakan cinta, Scarlett bagi-bagi parfum untuk para coupleâœ¨  Selamat hari kasih sayang untuk seluruh Sahabat ScarlettğŸ©·  Spread love with #ExtraitDeAmour #CelebrateEveryLoveStory",-,original sound  - Scarlett Whitening Official,91,3,6,7,1.2288962903411047,107,"[""Parfum"", ""Couple"", ""Kasih Sayang"", ""Sahabat Scarlett"", ""ExtraitDeAmour""]"
55900,2025-02-13 00:00:00,"Dalam rangka hari kasih sayang besok, Scarlett bagi-bagi Perfume Garden of Whisper & Purple Kiss untuk dirayakan bersama orang tersayangğŸ«¶ğŸ»  Yuk ucapkan terima kasih ke orang tersayang kamu di kolom komentar!ğŸ©· #CelebrateEveryLoveStory  #ExtraitDeAmour  #PerfectScentForEveryMoment ","#CelebrateEveryLoveStory , #ExtraitDeAmour , #PerfectScentForEveryMoment ",original sound  - Scarlett Whitening Official,733,28,16,30,1.443649373881932,807,"[""Kasih Sayang"", ""Perfume"", ""Garden of Whisper"", ""Purple Kiss"", ""Orang Tersayang"", ""ExtraitDeAmour""]"
10600,2025-02-13 00:00:00,"Scarlett NEW Discovery Set!   ğŸƒGreen Blossom Set: Eau de Parfum La Foret Fairy, Sweet Memories, & Wonderland ğŸ’Classy Floral Set: Eau de Parfum Dreamy, Sweet Memories, & Euphoria  Discover your scent with Discovery SetğŸŒŸ #PerfectScentForEveryMoment",-,original sound  - Scarlett Whitening Official,69,1,1,5,0.7169811320754716,76,"[""Discovery Set"", ""Eau de Parfum"", ""Green Blossom"", ""Classy Floral"", ""Scent""]"
4805,2025-02-13 00:00:00,"Holiday with Minett & Scarlett Body LotionğŸ©·âœ¨ Buat kamu yang hobi traveling jangan khawatir, holiday bisa tetap good mood, wangi up to 9 jam, dan kulit tetap glowingâœ¨  Gak cuma itu, Scarlett Body Lotion sudah di lengkapi fitur smart lock sehingga Body Lotion kamu anti bocorğŸ©·  Jadiâ€¦ siapa yang udah sering bawa Body Lotion Scarlett saat liburan juga nih? #BrightItOn ",#BrightItOn ,original sound  - Scarlett Whitening Official,38,1,0,4,0.894901144640999,43,"[""Holiday"", ""Body Lotion"", ""Traveling"", ""Wangi"", ""Glowing"", ""Kulit"", ""BrightItOn""]"
5302,2025-02-13 00:00:00,Cewek emang jago multitasking! #BrightitOn,-,original sound  - Scarlett Whitening Official,37,2,1,2,0.7921539041870993,42,"[""Cewek"", ""multitasking"", ""BrightitOn""]"
7951,2025-02-13 00:00:00,"Parfum Scarlett paling best seller!  Ada Velvet Rouge, Golden Elixir, Biru Samudra & DreamyğŸ©· Kamu paling favorit yang mana? Komen di kolom komentar yaa",-,original sound  - Scarlett Whitening Official,95,5,5,5,1.3834737768834109,110,"[""Parfum"", ""Scarlett"", ""best seller"", ""Velvet Rouge"", ""Golden Elixir"", ""Biru Samudra"", ""Dreamy""]"
12200,2025-02-12 00:00:00,"My everday mantra!  Afirmasi positif buat aku yang lagi berjuang melawan kulit kusam dan bekas jerawat, supaya konsisten dan dapet hasil yang maksimal",-,original sound  - Scarlett Whitening Official,69,3,3,4,0.6475409836065574,79,"[""Afirmasi positif"", ""kulit kusam"", ""bekas jerawat"", ""konsisten"", ""hasil maksimal"", ""berjuang""]"
12100,2025-02-12 00:00:00,Things i wish i did when i have acne...,-,original sound  - Scarlett Whitening Official,87,3,4,1,0.7851239669421488,95,"[""acne"", ""things i wish"", ""did""]"
12900,2025-02-11 00:00:00,"Solusi biar gak blind buy Perfume, cobain yang Discovery Set dulu aja!   ğŸƒGreen Blossom Set: Eau de Parfum La Foret Fairy, Sweet Memories, & Wonderland ğŸ’Classy Floral Set: Eau de Parfum Dreamy, Sweet Memories, & Euphoria  Discover your scent with Discovery SetğŸŒŸ #PerfectScentForEveryMoment",-,original sound  - Scarlett Whitening Official,90,3,4,4,0.7829457364341085,101,"[""blind buy"", ""Perfume"", ""Discovery Set"", ""Green Blossom"", ""Classy Floral"", ""Eau de Parfum"", ""Discover your scent""]"
6148,2025-02-11 00:00:00,2 kata tentang Scarlett Body Lotion #BrightItOn ,#BrightItOn ,original sound  - Scarlett Whitening Official,58,2,1,2,1.0247234873129472,63,"[""Scarlett"", ""Body Lotion"", ""Bright"", ""Brightening"", ""Mencerahkan""]"
4181,2025-02-11 00:00:00,So.. who takes care of you?  Acne Facial Foam will! Puk-puk wajah kamu secara halus untuk meredakan jerawat membandel di kulit~,-,original sound  - Scarlett Whitening Official,36,1,10,2,1.171968428605597,49,"[""Acne"", ""Facial Foam"", ""Jerawat"", ""Meredakan"", ""Kulit"", ""Wajah"", ""Perawatan""]"
