Views,Post_Date,Description,Hashtags,Music,Likes,Comments,Shares,Saves,Engagement_Rate,Total_Engagement,Post_Type
251700,2025-02-22 00:00:00,"ğ…ğğ‘ğ„ğ•ğ„ğ‘ ğğ ğğ‹ğ€ğ˜, ğ…ğğ‘ğ„ğ•ğ„ğ‘ ğğ ğ’ğ“ğ€ğ˜ ğŸ’‹ğŸ¶  Meet: ğ™ğ™¤ğ™§ğ™šğ™«ğ™šğ™§ ğ™ğ™©ğ™–ğ™® ğ˜¾ğ™¤ğ™¢ğ™›ğ™¤ğ™§ğ™© ğ™‡ğ™ğ™¥ ğ™‚ğ™¡ğ™–ğ™¯ğ™š â€“ Your NEW playlips for unbeatable hydration & unstoppable lip action! â™¬ Transferproof, Kissproof, Smudgeproof â™¬ With Hyalubloomâ„¢ï¸ to hydrate & fade lip lines â™¬ Extremely lightweight & comfortable â™¬ 24H* high pigmentation, cover dark & two toned lips â™¬ Non-crack & Non-sticky â™¬ Innovative auto-swivel applicator  Ready to rock those 3D Glazed Lips? ğŸ«¦ğŸ¸ Shop the 9 stunning shades exclusively at Somethinc Official Shopee!  *Based on consumer test",-,original sound  - Somethinc Official,2255,58,92,88,0.9904648390941597,2493,Produk Baru
1487,2025-03-13 14:47:41,Udah pertengahan puasa tapi kamu masih bingung cari tempat bukber? Sini Minthinc rekomendasiin! ğŸ’œâœ¨ #Somethinc  #PakaiSomethinc  #RamadanEkstraSeru  ,"#Somethinc , #PakaiSomethinc , #RamadanEkstraSeru ",Marhaban Ya Ramadan - TonsTone,15,0,0,2,1.1432414256893073,17,Event & Kolaborasi
3594,2025-03-13 12:38:12,Siapa yang begini juga? Pas mepet buka baru kerasa bangetğŸ˜­ #somethinc  #pakaisomethinc  ,"#somethinc , #pakaisomethinc ",ok its got a little kick - rose ğŸ¥€ğŸª»,15,1,3,1,0.5564830272676683,20,Event & Kolaborasi
3922,2025-03-13 11:38:45,Things I Would NEVER DO as a Skincare FormulatorğŸ§ªâœ¨ #Somethinc  #PakaiSomethinc  #ramadanekstraseru  ,"#Somethinc , #PakaiSomethinc , #ramadanekstraseru ",Suns - Official Sound Studio,17,1,0,1,0.4844467108618052,19,Tutorial & Tips
4416,2025-03-13 09:39:16,"Setuju gak nih sama Minthinc? Kalau Review jujur itu boleh, tapi jangan untuk menjatuhkan yağŸ¥° #somethinc  #pakaisomethinc  ","#somethinc , #pakaisomethinc ",Cute - Aurel Surya Lie,34,0,2,0,0.8152173913043478,36,Event & Kolaborasi
12600,2025-03-12 22:39:48,Boy essentialsğŸ«µğŸ«µ #SkincareCowok  #Somethinc  #PakaiSomethinc  ,"#SkincareCowok , #Somethinc , #PakaiSomethinc ",Ğ¾Ñ€Ğ¸Ğ³Ğ¸Ğ½Ğ°Ğ»ÑŒĞ½Ñ‹Ğ¹ Ğ·Ğ²ÑƒĞº - db.,85,0,2,3,0.7142857142857143,90,Tutorial & Tips
25400,2025-03-12 19:40:21,Kalau menurut kalian yang penting apa Squad?? WKWK #SkincareCowok  #Somethinc  #PakaiSomethinc  ,"#SkincareCowok , #Somethinc , #PakaiSomethinc ",original sound - GRWM/HAULSğŸ˜,219,15,12,9,1.0039370078740157,255,Tutorial & Tips
11700,2025-03-12 15:40:52,"Jangan Asal Double Cleansing! Nih, cara yang benarğŸ˜#somethinc  #pakaisomethinc  ","#somethinc , #pakaisomethinc ",Dongdada - Official Sound Studio,72,2,25,20,1.0170940170940173,119,Tutorial & Tips
10900,2025-03-12 15:41:23,Ritual H-18 Lebaran biar kulit cerah & glowing! âœ¨ğŸ˜ #somethinc  #pakaisomethinc  ,"#somethinc , #pakaisomethinc ",Ğ¾Ñ€Ğ¸Ğ³Ğ¸Ğ½Ğ°Ğ»ÑŒĞ½Ñ‹Ğ¹ Ğ·Ğ²ÑƒĞº - joyful.prod,26,0,7,6,0.35779816513761464,39,Tutorial & Tips
18100,2025-03-12 15:41:54,"Satu serum bisa buat kulit halus, mulus & awet mudağŸ’‰âœ¨ #Somethinc  #PakaiSomethinc  #RamadanEkstraSeru  ","#Somethinc , #PakaiSomethinc , #RamadanEkstraSeru ",som original - JansenGato,187,4,9,38,1.3149171270718232,238,Tutorial & Tips
11900,2025-03-12 15:42:25,Skin barrier rusak?! Kalemin aja pake Calm Down MoisturizerğŸ¤©ğŸ’šâœ¨ #Somethinc  #PakaiSomethinc  ,"#Somethinc , #PakaiSomethinc ","Funny video ""Carmen Prelude"" Arranging weakness(836530) - yo suzuki(akisai)",109,3,7,6,1.050420168067227,125,Produk Baru
4988,2025-03-12 15:42:57,Wajah fresh & hati adem!ğŸ’¦âœ¨ #Somethinc  #PakaiSomethinc  #RamadhanEkstraSeru   ,"#Somethinc , #PakaiSomethinc , #RamadhanEkstraSeru ",Ramadan Kareem - Megan Yagami,21,0,3,3,0.541299117882919,27,Promo & Diskon
17900,2025-03-12 15:43:29,"Cukup kamu yang haus, kulitnya janganğŸ«µğŸ«µ #SkincareCowok  #Somethinc  #PakaiSomethinc  ","#SkincareCowok , #Somethinc , #PakaiSomethinc ",original sound  - ELM,59,1,6,4,0.3910614525139665,70,Tutorial & Tips
11600,2025-03-12 15:44:02,Lemes dikit gak ngaruh kan Squad? â˜ï¸ğŸ¥² #SkincareCowok  #Somethinc  #PakaiSomethinc  ,"#SkincareCowok , #Somethinc , #PakaiSomethinc ",KU TAK TAU MENGAPA - ADMIN ğŸ§,50,3,13,4,0.603448275862069,70,Tutorial & Tips
13700,2025-03-12 15:44:34,Skin Concern BumilğŸ¤°ğŸ» ini rekomendasi serum yang bisa dipakai!ğŸ˜ #somethinc  #pakaisomethinc  ,"#somethinc , #pakaisomethinc ",Intergalactic Janet - Ley Soul,50,3,2,11,0.48175182481751827,66,Tutorial & Tips
685000,2025-03-12 15:45:07,"Kalau begini, THR habis sebelum lebaran dongğŸ˜­ğŸ«µğŸ» #somethinc  #pakaisomethinc  ","#somethinc , #pakaisomethinc ",original sound - Eggo.vsp â€¢ Friends,6119,18,249,125,0.9505109489051095,6511,Promo & Diskon
24200,2025-03-11 15:45:38,Eksfoliasi jadi jauh lebih tenang ğŸ« ğŸ«  #SkincareCowok  #Somethinc  #PakaiSomethinc  ,"#SkincareCowok , #Somethinc , #PakaiSomethinc ",suara asli  - for you,115,8,14,10,0.6074380165289256,147,Tutorial & Tips
290900,2025-03-11 15:46:44,Berbuka lah dengan bersih bersih â˜ï¸ğŸ¥² #Somethinc  #PakaiSomethinc  #SkincareCowok  ,"#Somethinc , #PakaiSomethinc , #SkincareCowok ",Originalton - Ù‚Ù‘,924,53,41,68,0.3733241663801994,1086,Tutorial & Tips
31400,2025-03-11 15:47:16,[SAVE] Ini dia contekan buat kalian yang mau layering Calm Down Moist & serum Somethincâœ¨ #Somethinc  #PakaiSomethinc  #ramadanekstraseru  ,"#Somethinc , #PakaiSomethinc , #ramadanekstraseru ",Revival - Dombresky & Noizu & Reblok,179,4,13,66,0.8343949044585988,262,Tutorial & Tips
24500,2025-03-11 15:47:49,Bulan puasa gini emang harus pake yang kalem-kalem sihğŸ’šâœ¨ #Somethinc  #PakaiSomethinc  ,"#Somethinc , #PakaiSomethinc ",Suns - Official Sound Studio,69,1,6,6,0.3346938775510204,82,Tutorial & Tips
126100,2025-03-11 15:48:20,Mau ngejar deadline malah disuruh pulang shay..ğŸ¤— #Somethinc  #PakaiSomethinc  #RamadanEkstraSeru  ,"#Somethinc , #PakaiSomethinc , #RamadanEkstraSeru ",som original - âœ¨Gigiâœ¨,363,2,12,28,0.3211736716891356,405,Event & Kolaborasi
282300,2025-03-11 15:48:53,Happy to see our Calm Down Moisturizer on the radar of international skincare enthusiast! ğŸ˜  Thanks a million to @skincarestan for this awesome review! We're thrilled you love our Calm Down MoisturizerğŸ’Ÿ,-,Freak - Lesfm,3906,38,34,190,1.4764434998228835,4168,Produk Baru
14200,2025-03-10 15:49:24,Jangan asal pilih serum! Sesuaikan sama masalah & jenis kulit kamuğŸ«µğŸ»ğŸ¥° #somethinc  #pakaisomethinc  ,"#somethinc , #pakaisomethinc ",Aesthetic Coffee - Febri Handika,115,1,5,54,1.232394366197183,175,Tutorial & Tips
90800,2025-03-10 15:49:56,Calm DownÂ® itu apa sih?! Sini Minthinc jelasin! ğŸ˜ğŸƒ #somethinc  #pakaisomethinc  ,"#somethinc , #pakaisomethinc ",Kalemin Aja - Somethinc Official,373,11,17,40,0.4856828193832599,441,Tutorial & Tips
12000,2025-03-10 15:50:27,Tulis jawaban kamu di komen! 3 orang beruntung bakal dapetin Calm Down Moisturizer!ğŸ¤©âœ¨ #Somethinc  #PakaiSomethinc  #RamadanEkstraSeru ,"#Somethinc , #PakaiSomethinc , #RamadanEkstraSeru ",Intergalactic Janet - Ley Soul,22,5,3,2,0.26666666666666666,32,Promo & Diskon
166700,2025-03-10 15:50:58,Tag temen kamu yang gabisa hidup tanpa lippiesnya!ğŸ’†â€â™€ï¸ğŸ’œ #Somethinc  #PakaiSomethinc  ,"#Somethinc , #PakaiSomethinc ",BORN FOR THIS - Foxxi,282,10,8,24,0.1943611277744451,324,Tutorial & Tips
37700,2025-03-10 15:51:29,Kulit sensitif & kemerahan? Ini solusinya!âœ¨ #Somethinc  #PakaiSomethinc  #ramadanekstraseru  ,"#Somethinc , #PakaiSomethinc , #ramadanekstraseru ",Suns - Official Sound Studio,183,2,7,9,0.53315649867374,201,Tutorial & Tips
863800,2025-03-10 15:52:01,"Kamu tipe yang mana nih, squad? ğŸ¤£ #somethinc  #pakaisomethinc  ","#somethinc , #pakaisomethinc ",Happy Ramadan - Ramol,4166,105,126,231,0.5357721694836768,4628,Tutorial & Tips
181700,2025-03-10 15:52:32,Biar pas tua nantj tetap mudaâ˜ï¸ğŸ˜Œ #Somethinc  #PakaiSomethinc  #SkincareCowok  ,"#Somethinc , #PakaiSomethinc , #SkincareCowok ",DJ KOMANG I DONT KNOW WHY JEDAG JEDUG - DjKomangRimex,290,2,22,15,0.18106769400110073,329,Tutorial & Tips
132600,2025-03-09 15:53:03,Udah bukan jamnha untuk malu Skincarean! 2025: Skincarean itu keren! #Somethinc  #PakaiSomethinc  #SkincareCowok  ,"#Somethinc , #PakaiSomethinc , #SkincareCowok ",suara asli - Ariadi Samosir - Music Corner,244,6,16,31,0.2239819004524887,297,Tutorial & Tips
17900,2025-03-08 15:53:34,"Kalau kulit udah muncul masalah, ini pertolongan pertama! âœ¨ğŸƒ #somethinc  #pakaisomethinc  ","#somethinc , #pakaisomethinc ",Aesthetic Coffee - Febri Handika,49,0,6,2,0.31843575418994413,57,Tutorial & Tips
64900,2025-03-08 15:54:06,Ada yang serumnya samaan nggak nih kaya Bunda Sarwendah? ğŸ« ğŸ«  #Somethinc  #PakaiSomethinc  #WarehouseSomethinc  ,"#Somethinc , #PakaiSomethinc , #WarehouseSomethinc ",Dance You Outta My Head - Cat Janice,974,11,81,35,1.696456086286595,1101,Event & Kolaborasi
12800,2025-03-08 15:54:37,Kulit tetap lembab & kalem selama puasa? Bisa dongğŸ¥°âœ¨ #Somethinc  #PakaiSomethinc  #ramadanekstraseru  ,"#Somethinc , #PakaiSomethinc , #ramadanekstraseru ",Suns - Official Sound Studio,36,2,10,10,0.45312499999999994,58,Tutorial & Tips
36400,2025-03-08 15:55:08,Para bumil gausah khawatir! Buat mencegah stretch mark bisa banget pake 2 produk Somethinc iniğŸ¥°âœ¨ #Somethinc  #PakaiSomethinc  ,"#Somethinc , #PakaiSomethinc ",original sound - Somethinc Official,330,2,7,24,0.9972527472527473,363,Tutorial & Tips
86500,2025-03-08 15:55:40,"Satu serum buat bantu kulit halus, mulus & awet mudağŸ’‰âœ¨  #Somethinc  #PakaiSomethinc  #RamadanEkstraSeru  ","#Somethinc , #PakaiSomethinc , #RamadanEkstraSeru ",suara asli - á´˜á´›Ê€á´€ ft ğ—”ğ—£ - â‰ ptranofps,325,2,8,22,0.41271676300578036,357,Tutorial & Tips
9661,2025-03-08 15:56:11,"Dari semua cleanser Somethinc, mana yang jadi andalan kamu nih Squad?ğŸ’¦ğŸ¤— #Somethinc  #PakaiSomethinc  #RamadanEkstraSeru  ","#Somethinc , #PakaiSomethinc , #RamadanEkstraSeru ",aespa love me like this - angggeum,65,3,3,8,0.8177207328433909,79,Tutorial & Tips
89000,2025-03-08 15:56:42,Terima kasih Somethinc Squad!! ğŸ«¶ğŸ«  #Somethinc  #PakaiSomethinc    ,"#Somethinc , #PakaiSomethinc ",next door jedag jedug - Zachz Winner,1123,54,69,25,1.4280898876404495,1271,Event & Kolaborasi
280500,2025-03-08 15:59:27,Keliatan kan perbedaannya... #Somethinc  #PakaiSomethinc  #ramadanekstraseru  ,"#Somethinc , #PakaiSomethinc , #ramadanekstraseru ",Suns - Official Sound Studio,1721,14,74,66,0.6684491978609626,1875,Tutorial & Tips
20200,2025-03-08 16:00:01,Combo Serum yang harus kamu coba! ğŸ˜ğŸ’œ #somethinc  #pakaisomethinc  ,"#somethinc , #pakaisomethinc ",Notice Me - Guchi & Loud Behaviour,109,3,9,60,0.896039603960396,181,Tutorial & Tips
56400,2025-03-08 16:00:32,Rekomendasi Moisturizer selama Bulan Ramadan! âœ¨ğŸŒ™ #somethinc  #pakaisomethinc  ,"#somethinc , #pakaisomethinc ",Intergalactic Janet - Ley Soul,437,3,21,52,0.9095744680851064,513,Tutorial & Tips
11400,2025-03-07 16:01:03,"Barrier repair, decoded ğŸ§¬ğŸ€  Hereâ€™s the journey of our creation, CalmDownÂ®ï¸. The groundbreaking formula that delivers targeted relief for stressed skin conditions, transforming sensitivity into resilience.   Experience the science of calm now ğŸ‘©â€ğŸ”¬",-,original sound  - Somethinc Official,39,1,2,1,0.37719298245614036,43,Produk Baru
22800,2025-03-07 16:01:35,Jangan sampe ketinggalan! Meluncur ke Guardian sekarang!âœ¨ğŸ›ï¸ #Somethinc  #PakaiSomethinc  #RamadanEkstraSeru  ,"#Somethinc , #PakaiSomethinc , #RamadanEkstraSeru ",Funk it up - Official Sound Studio,185,6,12,16,0.9605263157894737,219,Promo & Diskon
15400,2025-03-07 16:02:06,"Kalau Basic Skincarenya kalian udah kuat, waktunya level up rutinin Eksfoliasi ya Squad! #Somethinc  #PakaiSomethinc  #SkincareCowok  ","#Somethinc , #PakaiSomethinc , #SkincareCowok ",suara asli - piwaaağŸ¦– - ciwachan,68,2,6,8,0.5454545454545455,84,Tutorial & Tips
120800,2025-03-07 16:02:37,"Padahal cuma mau ngasih Calm Down Moist, biar puasanya tetep kalemğŸ¥¹ #Somethinc  #PakaiSomethinc  #ramadanekstraseru  ","#Somethinc , #PakaiSomethinc , #ramadanekstraseru ",original sound - Somethinc Official,617,2,35,38,0.5728476821192053,692,Promo & Diskon
933900,2025-03-07 16:03:09,Udah panik minthinc..ğŸ‘‰ğŸ»ğŸ‘ˆğŸ» #Somethinc  #PakaiSomethinc  #ramadanekstraseru  ,"#Somethinc , #PakaiSomethinc , #ramadanekstraseru ",Suns - Official Sound Studio,3100,23,67,109,0.3532498126137702,3299,Promo & Diskon
64000,2025-03-07 16:03:40,"Replying to @ğŸ¥ºğŸµ  nih, resep Skincare Smoothies yang bisa kamu ikutin!ğŸ˜ğŸƒ #somethinc  #pakaisomethinc  ","#somethinc , #pakaisomethinc ",Intergalactic Janet - Ley Soul,377,3,15,71,0.728125,466,Tutorial & Tips
157500,2025-03-07 16:04:12,Siapa nih yang datang Bukber cuma buat ajang flexing?ğŸ‘€ğŸ«µğŸ» #somethinc  #pakaisomethinc  ,"#somethinc , #pakaisomethinc ",Sneaky Snitch ctto - giles ğŸ’ ,1244,3,21,53,0.8387301587301588,1321,Event & Kolaborasi
140300,2025-03-07 16:04:43,Kalau rumus good mood kalian gimana Squad? #Somethinc  #PakaiSomethinc  #SkincareCowok  ,"#Somethinc , #PakaiSomethinc , #SkincareCowok ",original sound  - Dimsum Go,263,2,14,35,0.22380612972202424,314,Tutorial & Tips
36900,2025-03-06 16:05:14,Bibir tetap cantik & stay hydrated selama puasa pakai Forever Stay Comfort Lip Glaze!ğŸ’„ğŸ’‹ #Somethinc  #PakaiSomethinc  #RamadanEkstraSeru  ,"#Somethinc , #PakaiSomethinc , #RamadanEkstraSeru ",i dont know WHY 2024 Private mix - GREAT Alpha ğŸ‡®ğŸ‡©,335,5,18,33,1.059620596205962,391,Produk Baru
129699,2025-03-06 16:05:48,Cualamitan met met. Tag temen kamu yang apa-apa minta!ğŸ˜ #Somethinc  #PakaiSomethinc  #RamadanEkstraSeru  ,"#Somethinc , #PakaiSomethinc , #RamadanEkstraSeru ",Funny lazy donkey (hilarious song)(937200) - LEOPARD,385,7,6,34,0.3330788980639789,432,Event & Kolaborasi
128800,2025-03-06 16:06:20,Mendingan ditipu sama yang mana Squad? â˜ï¸ğŸ˜­ #Somethinc  #PakaiSomethinc  #SkincareCowok  ,"#Somethinc , #PakaiSomethinc , #SkincareCowok ",suara asli  - Kiky RMX,249,5,15,26,0.22903726708074534,295,Tutorial & Tips
18600,2025-03-06 16:06:52,Moisturizer Serbaguna Check!âœ¨ #Somethinc  #PakaiSomethinc  ,"#Somethinc , #PakaiSomethinc ",original sound - Somethinc Official,73,1,2,6,0.44086021505376344,82,Tutorial & Tips
27400,2025-03-06 16:07:23,Puasa kulit jadi kering?! NOâŒ Asal pakai Calm Down Moisturizerâœ¨ #Somethinc  #PakaiSomethinc  #ramadanekstraseru  ,"#Somethinc , #PakaiSomethinc , #ramadanekstraseru ",Suns - Official Sound Studio,132,0,12,17,0.5875912408759124,161,Tutorial & Tips
44500,2025-03-06 16:07:54,Siapa yang udah punya 2 shades ini?!ğŸ¤©âœ¨ #Somethinc  #PakaiSomethinc  #ramadanextraseru  ,"#Somethinc , #PakaiSomethinc , #ramadanextraseru ",Suns - Official Sound Studio,156,10,12,12,0.4269662921348315,190,Produk Baru
121100,2025-03-06 16:08:27,"[SERUM 101] Serum Routine di Bulan puasa, sesuai masalah kulitğŸ˜âœ¨ #somethinc  #pakaisomethinc  ","#somethinc , #pakaisomethinc ",Joyful Ramadan - Ramol,373,3,27,115,0.42774566473988435,518,Tutorial & Tips
12500,2025-03-06 16:08:58,Tips biar kulit tetap Fresh & Glowing saat puasa! ğŸ˜ğŸƒ #somethinc  #pakaisomethinc  ,"#somethinc , #pakaisomethinc ",Ramadan Mubarok - TonsTone,55,1,10,4,0.5599999999999999,70,Tutorial & Tips
154800,2025-03-05 00:00:00,Jaga kulit kalian tetap terhidrasi ya Squad! #Somethinc  #PakaiSomethinc  #SkincareCowok  ,"#Somethinc , #PakaiSomethinc , #SkincareCowok ",original sound  - ahmadrizqoni | RZQN,223,7,30,29,0.18669250645994834,289,Tutorial & Tips
26900,2025-03-04 00:00:00,"Kalau soal Sunscreen, gak boleh pelit irit ya Squad! #Somethinc  #PakaiSomethinc  #SkincareCowok  ","#Somethinc , #PakaiSomethinc , #SkincareCowok ",next door jedag jedug - Zachz Winner,242,3,11,9,0.9851301115241635,265,Tutorial & Tips
12700,2025-03-04 00:00:00,Jangan salah pilih SERUM! Sini minthinc bantuin biar kalian gak bingung lagiâœ¨ #Somethinc  #PakaiSomethinc  #ramadanextraseru  ,"#Somethinc , #PakaiSomethinc , #ramadanextraseru ",Suns - Official Sound Studio,58,3,12,15,0.6929133858267716,88,Tutorial & Tips
48800,2025-03-04 00:00:00,Somethinc Forever Stay Lip Glaze udah bisa kalian dapetin secara offlineğŸ¤©âœ¨ #Somethinc  #PakaiSomethinc  #ramadanextraseru  ,"#Somethinc , #PakaiSomethinc , #ramadanextraseru ",original sound - Somethinc Official,749,29,84,58,1.8852459016393444,920,Produk Baru
139100,2025-03-04 00:00:00,Bukber tetep slay gak perlu touch up lipstick?!ğŸ˜ğŸ’‹ #Somethinc  #PakaiSomethinc  #ramadanekstraseru  ,"#Somethinc , #PakaiSomethinc , #ramadanekstraseru ",original sound - Somethinc Official,1814,30,58,143,1.4701653486700215,2045,Tutorial & Tips
95100,2025-03-04 00:00:00,Kapan lagi THR dari Somethinc. Jangan sampai ketinggalan!âœ¨ğŸ’œ #Somethinc  #PakaiSomethinc  #RamadanEkstraSeru ,"#Somethinc , #PakaiSomethinc , #RamadanEkstraSeru ",Quirky - Oleg Kirilkov,537,7,25,48,0.6487907465825447,617,Promo & Diskon
71200,2025-03-04 00:00:00,Udah pada coba Moisturizer ini belum? Cobain deh!!!ğŸ˜ğŸƒ #somethinc  #pakaisomethinc  ,"#somethinc , #pakaisomethinc ",Funny Comedy - Bwd sound,195,3,17,13,0.3202247191011236,228,Produk Baru
30300,2025-03-04 00:00:00,"2 shades lip glaze udah SOLD OUT?!!! Kata Minthinc checkout sekarang sih, mumpung masih adağŸ‘€ğŸ˜± #somethinc  #pakaisomethinc  ","#somethinc , #pakaisomethinc ",Love You So - The King Khan & BBQ Show,123,3,34,35,0.6435643564356436,195,Promo & Diskon
12300,2025-03-04 00:00:00,Salah satu combo terbaik yang harus kalian coba!! #Somethinc  #PakaiSomethinc  #SkincareCowok  ,"#Somethinc , #PakaiSomethinc , #SkincareCowok ",original sound - jasmyn,40,3,6,7,0.45528455284552843,56,Tutorial & Tips
122700,2025-03-04 00:00:00,Udah pada follow Minthinc belum nih?? #Somethinc  #PakaiSomethinc  #SkincareCowok  ,"#Somethinc , #PakaiSomethinc , #SkincareCowok ",tob tobi tob - wsszx.7,387,5,7,27,0.3471882640586797,426,Promo & Diskon
77100,2025-03-03 00:00:00,Kulit moody pas hamil? No worries karena ada Calm Down MoisturizerğŸ¤°ğŸ’œ #Somethinc  #PakaiSomethinc  #RamadanExtraSeru ,"#Somethinc , #PakaiSomethinc , #RamadanExtraSeru ",original sound - MorningLightMusic,198,2,9,23,0.3009079118028534,232,Produk Baru
166400,2025-03-03 00:00:00,Siapa lagi nih yang mau ketemu Minthinc?? #Somethinc  #PakaiSomethinc  #SkincareCowok  ,"#Somethinc , #PakaiSomethinc , #SkincareCowok ",suara asli  - najlaa,698,13,30,49,0.47475961538461536,790,Event & Kolaborasi
11400,2025-03-03 00:00:00,Skincare Gudie bumil friendly versi Somethincâœ¨ğŸ’œ #Somethinc  #PakaiSomethinc  ,"#Somethinc , #PakaiSomethinc ",som original - No-Copy Soundtracks,49,0,3,8,0.5263157894736842,60,Tutorial & Tips
249000,2025-03-03 00:00:00,"Rekomendasi Lippies untuk Bukber!ğŸ’‹ cus, checkout di keranjang kuningğŸ’œ #somethinc  #pakaisomethinc  ","#somethinc , #pakaisomethinc ",Joyful Ramadan - Ramol,1268,33,187,451,0.778714859437751,1939,Promo & Diskon
18100,2025-03-03 00:00:00,GIMANA CARA HAPUS LIP GLAZE KALAU SETAHAN INI?! ğŸ˜±ğŸ’‹ #somethinc  #pakaisomethinc  ,"#somethinc , #pakaisomethinc ",Viral - Aron xxx,66,4,30,10,0.6077348066298343,110,Tutorial & Tips
206900,2025-03-03 00:00:00,Puasa harus tetap tenang & kalem ya Squadâœ¨ğŸ’œ #Somethinc  #PakaiSomethinc  ,"#Somethinc , #PakaiSomethinc ",Funny - FASSounds,688,11,16,50,0.3697438376027066,765,Promo & Diskon
291300,2025-03-03 00:00:00,Kalian punya uang 193 T mau beli apa Squad?ğŸ¤­ #Somethinc  #PakaiSomethinc  ,"#Somethinc , #PakaiSomethinc ",original sound - yung kai,448,17,39,42,0.18743563336766222,546,Promo & Diskon
287400,2025-03-02 00:00:00,Kok ngga nunggu gajian dulu deh habisnya? ğŸ«µğŸ˜­ #Somethinc  #SkincareCowok  #PakaiSomethinc  ,"#Somethinc , #SkincareCowok , #PakaiSomethinc ",original sound  - Festomic,402,7,31,57,0.17292971468336812,497,Promo & Diskon
149500,2025-03-02 00:00:00,Jawab Cepat Edisi Ramadan!ğŸŒ™âœ¨ #Somethinc  #PakaiSomethinc  ,"#Somethinc , #PakaiSomethinc ","Funny video ""Carmen Prelude"" Arranging weakness(836530) - yo suzuki(akisai)",592,11,17,30,0.43478260869565216,650,Event & Kolaborasi
16100,2025-03-02 00:00:00,Rekomendasi Skincare untuk Bumil! ğŸ¤°ğŸ»âœ¨ #somethinc  #pakaisomethinc  ,"#somethinc , #pakaisomethinc ",Dance It Up - Muspace Lofi,111,1,6,40,0.9813664596273293,158,Tutorial & Tips
92500,2025-03-02 00:00:00,"Jangan ya Squad, bahayağŸ¤«#Somethinc  #PakaiSomethinc  ","#Somethinc , #PakaiSomethinc ",Funk it up - Official Sound Studio,315,5,26,21,0.39675675675675676,367,Tutorial & Tips
101200,2025-03-01 00:00:00,"Kulit tetep kalem, lembab & terhidrasi selama bulan puasa?! Pakai moisturizer yang satu ini dong!âœ¨ #Somethinc  #PakaiSomethinc  ","#Somethinc , #PakaiSomethinc ",Swear By It - Chris Alan Lee,356,9,39,39,0.43774703557312256,443,Tutorial & Tips
241900,2025-03-01 00:00:00,Skincare Smoothies biar kulit tetap lembab & glowing selama Bulan Ramadan!âœ¨ğŸƒ#somethinc  #pakaisomethinc  ,"#somethinc , #pakaisomethinc ",original sound  - Somethinc Official,724,18,27,130,0.37164117403885905,899,Tutorial & Tips
13800,2025-03-01 00:00:00,Sisanya tinggal rebutan Takjil ğŸ™ğŸ™ #Somethinc  #PakaiSomethinc  #SkincareCowok  ,"#Somethinc , #PakaiSomethinc , #SkincareCowok ",original sound  - gwyn,71,4,9,8,0.6666666666666667,92,Tutorial & Tips
18700,2025-03-01 00:00:00,Replying to @crlyn  ini ya Squad. Cus checkout di oren sekarangğŸ’œâœ¨ #Somethinc  #PakaiSomethinc  ,"#Somethinc , #PakaiSomethinc ",Intergalactic Janet - Ley Soul,132,17,15,48,1.1336898395721926,212,Promo & Diskon
29400,2025-02-28 00:00:00,"Meskipun perut krubuk-krubuk, tetep semangat puasanya ya Squad!ğŸ˜ğŸ’œ #Somethinc  #PakaiSomethinc  ","#Somethinc , #PakaiSomethinc ",original sound - Somethinc Official,72,10,34,15,0.44557823129251706,131,Tutorial & Tips
72800,2025-02-28 00:00:00,Replying to @roseğŸ–ï¸  Ini dia contekan ombre lipsnyağŸ˜âœ¨ Semoga membantu Squad!ğŸ’œ #Somethinc  #PakaiSomethinc  ,"#Somethinc , #PakaiSomethinc ",original sound - Somethinc Official,538,36,79,242,1.2293956043956045,895,Tutorial & Tips
925300,2025-02-28 00:00:00,Satu aja gak cukup shayğŸ˜˜ğŸ’œ #Somethinc  #PakaiSomethinc  ,"#Somethinc , #PakaiSomethinc ",DJ KOMANG CRY JEDAG JEDUG - DjKomangRimex,3074,65,131,282,0.38387549983789043,3552,Promo & Diskon
20200,2025-02-28 00:00:00,"Disaat doi bikin ngga tenang, ada Calm Down yang bisa nenangin â˜ï¸ğŸ¥º #SkincareCowok  #Somethinc  #PakaiSomethinc  ","#SkincareCowok , #Somethinc , #PakaiSomethinc ",suono originale - ğ™ğ™Šğ™ğ™ğ™‡ğ™”,39,2,1,8,0.24752475247524752,50,Produk Baru
872000,2025-02-28 00:00:00,Jangan asal pilih lippiesâš ï¸ Sini minthinc kasih contekan biar kalian gak bingung lagiğŸ˜âœ¨ #Somethinc  #PakaiSomethinc  ,"#Somethinc , #PakaiSomethinc ",GUCI GENG MELODY ANDALAN HUDACARO - Caro,11400,129,690,5328,2.012270642201835,17547,Tutorial & Tips
16500,2025-02-28 00:00:00,Tanghulu Lips cuma pakai Ceraplump + Lip Glaze langsung juicy lips seharianâœ¨ğŸ¡ #Somethinc  #PakaiSomethinc  ,"#Somethinc , #PakaiSomethinc ",Ã‰coute chÃ©rie - â˜…,90,5,9,15,0.7212121212121212,119,Tutorial & Tips
116900,2025-02-28 00:00:00,"Siapin yang bikin segar, biar kuat puasanyağŸ˜ğŸ¥° #somethinc  #pakaisomethinc  ","#somethinc , #pakaisomethinc ",Happy Ramadan - Ramol,339,11,12,44,0.3473053892215569,406,Tutorial & Tips
303700,2025-02-28 00:00:00,"Replying to @ndaaftrnv  next ombre shades apa lagi ya? Ada saran, coba komen!ğŸ‘€ğŸ’‹ #somethinc  #pakaisomethinc  ","#somethinc , #pakaisomethinc ","K-POP, BLACKPINK track - Daisuke""D.I""Imai",1620,35,134,700,0.8195587751070136,2489,Tutorial & Tips
14500,2025-02-27 00:00:00,Semua masalah kulit? IYA!! #Somethinc  #PakaiSomethinc  ,"#Somethinc , #PakaiSomethinc ",Aesthetic Coffee - Febri Handika,41,11,17,6,0.5172413793103449,75,Tutorial & Tips
9916,2025-02-27 00:00:00,Bener gini ngga Squad?? ğŸ˜†ğŸ˜† #Somethinc  #PakaiSomethinc  ,"#Somethinc , #PakaiSomethinc ",original sound - Yasu - Y.C.K. Food Products,29,7,2,4,0.42355788624445345,42,Tutorial & Tips
135300,2025-02-27 00:00:00,Kalau kamu tim shade apa Squad?ğŸ˜‹ğŸ’œ #Somethinc  #PakaiSomethinc  ,"#Somethinc , #PakaiSomethinc ",original sound - songs,362,9,6,23,0.29563932002956395,400,Tutorial & Tips
133200,2025-02-27 00:00:00,"Sama-sama transferproof tapi beda finish, jadi kamu tim yang mana?ğŸ‘€ğŸ’‹ #somethinc  #pakaisomethinc  ","#somethinc , #pakaisomethinc ",original sound - songs,233,8,10,29,0.21021021021021022,280,Produk Baru
180500,2025-02-27 00:00:00,Kira-kira shades mana nih yang cocok sama Undertone kalian?ğŸ‘€ğŸ¤”ğŸ’‹ #somethinc  #pakaisomethinc  ,"#somethinc , #pakaisomethinc ",KU TAK TAU MENGAPA - ADMIN ğŸ§,561,24,29,69,0.378393351800554,683,Tutorial & Tips
344100,2025-02-26 00:00:00,Replying to @tryan  TONTON SAMPAI AKHIR!! Kalo kalian masih bingung pilih shade Lip Glaze!ğŸ’‹âœ¨,-,Suns - Official Sound Studio,1846,46,143,638,0.7768090671316478,2673,Tutorial & Tips
19100,2025-02-26 00:00:00,"Terapin, dan rasain sendiri si kusam itu hilang dari muka lo! #Somethinc  #PakaiSomethinc  ","#Somethinc , #PakaiSomethinc ",original sound - notjaneblake,50,7,9,12,0.4083769633507853,78,Tutorial & Tips
358100,2025-02-26 00:00:00,Tim Bibir Glossy tapi males retouch? Cobain Lip Glaze ini deh!ğŸ‘€ğŸ’‹ #somethinc  #pakaisomethinc  ,"#somethinc , #pakaisomethinc ",original sound  - Somethinc Official,1131,43,55,108,0.3733593968165317,1337,Tutorial & Tips
14100,2025-02-25 00:00:00,Minthinc gak akan close close itu foto â˜ï¸ğŸ¥° #Somethinc  #PakaiSomethinc  ,"#Somethinc , #PakaiSomethinc ",Relaxed (Sped Up) - MC Mablo Dos ParedÃµes,126,6,16,7,1.099290780141844,155,Lainnya
6786,2025-02-25 00:00:00,Beli sendiri ğŸ«µğŸ«µğŸ«µ #Somethinc  #PakaiSomethinc  ,"#Somethinc , #PakaiSomethinc ",original sound - ğŸ¤ ğŸ¤ ,35,3,4,6,0.707338638373121,48,Lainnya
244000,2025-02-25 00:00:00,"Kiss-proof, smudge-proof, worry-proof! Which shade is your fave? Drop your answer in the comments! â¬‡ï¸ğŸ’‹ #Somethinc  #PakaiSomethinc  ","#Somethinc , #PakaiSomethinc ",sonido original - JEI AM MUSIC,539,26,38,77,0.27868852459016397,680,Produk Baru
271100,2025-02-25 00:00:00,Highly pigmented & extremely comfortable! Somethinc knows what you need!ğŸ«¦âœ¨ #Somethinc  #PakaiSomethinc  ,"#Somethinc , #PakaiSomethinc ",suara asli - á´˜á´›Ê€á´€ ft ğ—”ğ—£ - â‰ ptranofps,824,10,23,46,0.33308742161564,903,Produk Baru
18700,2025-02-25 00:00:00,Sama-sama jerawat tapi apa sih bedanya Breakout dengan Purging? Tonton sampai habis!ğŸ˜ #somethinc  #pakaisomethinc  ,"#somethinc , #pakaisomethinc ",Kyoto City Night - SPEARS69 & Satria Petir & Eko Ardian,75,9,19,17,0.6417112299465241,120,Tutorial & Tips
244400,2025-02-25 00:00:00,Kalau bisa semuanya kenapa harus pilih satu? ğŸ‘€ğŸ’‹ #somethinc  #pakaisomethinc  ,"#somethinc , #pakaisomethinc ",original sound  - Somethinc Official,1197,49,34,163,0.5904255319148937,1443,Produk Baru
14200,2025-02-25 00:00:00,"Cium kertas ganteng, kira-kira transfer gak yaaa?!ğŸ˜­ğŸ”¥ #Somethinc  #PakaiSomethinc  ","#Somethinc , #PakaiSomethinc ",original sound - Somethinc Official,139,12,8,17,1.2394366197183098,176,Tutorial & Tips
114600,2025-02-24 00:00:00,"YES, ITâ€™S HERE! ğŸ’„ Forever Stay Comfort Lip Glaze sudah bisa dicheckout di Official Toko Oren SomethincğŸ’‹ #Somethinc  #PakaiSomethinc  ","#Somethinc , #PakaiSomethinc ",original sound - haniaà¬ªà¬“,693,29,19,52,0.6919720767888308,793,Produk Baru
111100,2025-02-24 00:00:00,Dark lips & two toned? No problem! Forever Stay Comfort Lip Glaze is finally hereâœ¨ğŸ’œ #Somethinc  #PakaiSomethinc  ,"#Somethinc , #PakaiSomethinc ",suara asli  - astroooğŸª,588,36,30,80,0.6606660666066607,734,Produk Baru
137800,2025-02-24 00:00:00,Calm Down Moisturizer bisa apa aja sih?ğŸ‘€ğŸ¤” #somethinc  #pakaisomethinc  ,"#somethinc , #pakaisomethinc ",Relaxed (Sped Up) - MC Mablo Dos ParedÃµes,269,12,31,46,0.2597968069666183,358,Tutorial & Tips
107800,2025-02-24 00:00:00,"Dimana lagi kalian bisa nemuin Lip Glaze kayak gini?! Checkout Sekarang sih, keburu soldğŸ’‹ğŸ™ğŸ» #somethinc  #pakaisomethinc  ","#somethinc , #pakaisomethinc ",France Accordion Swing - MIZUSATO Masaki,1157,49,54,205,1.3589981447124304,1465,Promo & Diskon
431900,2025-02-24 00:00:00,Emang boleh se GLOSSY & se STAY ini? ğŸ˜ #Somethinc  FOREVER STAY Comfort Lip Glaze ğŸ’‹,#Somethinc ,Gwiyomi song - Hari,1546,56,218,722,0.588562167168326,2542,Produk Baru
369600,2025-02-24 00:00:00,Makan bar-bar tanpa perlu touch up lipstick?!ğŸ˜ğŸ’‹ #Somethinc  #PakaiSomethinc  ,"#Somethinc , #PakaiSomethinc ",original sound - Somethinc Official,1251,26,54,193,0.41233766233766234,1524,Tutorial & Tips
138000,2025-02-24 00:00:00,Beneran TRANSFERPROOF kan guys?!ğŸ˜ Selamat deh minthinc! #Somethinc  #PakaiSomethinc  ,"#Somethinc , #PakaiSomethinc ",Suns - Official Sound Studio,1091,24,26,80,0.8847826086956522,1221,Produk Baru
264900,2025-02-24 00:00:00,Gimana? Masih takut/ragu ngga Squad? #Somethinc  #PakaiSomethinc  ,"#Somethinc , #PakaiSomethinc ",som original  - ratomilton,502,17,23,93,0.2397130992827482,635,Tutorial & Tips
171000,2025-02-24 00:00:00,Kenapa sih hal kaya gini aja harus bohong?! ğŸ˜­ #Somethinc  #PakaiSomethinc  ,"#Somethinc , #PakaiSomethinc ",I Dont Know Why Remix - ReyLimitless [ACRO],911,27,30,78,0.6116959064327485,1046,Tutorial & Tips
91100,2025-02-23 00:00:00,Formula Lip Glaze beda dari yang lain? ğŸ‘€ğŸ¤” #somethinc  #pakaisomethinc  ,"#somethinc , #pakaisomethinc ",Aesthetic Coffee - Febri Handika,970,35,18,63,1.1920965971459934,1086,Produk Baru
83900,2025-02-23 00:00:00,Lip glaze try-on + the ultimate transfer test! Which shade is your fave? ğŸ’‹ #Somethinc  #PakaiSomethinc ,"#Somethinc , #PakaiSomethinc ",Ã‰coute chÃ©rie - â˜…,438,23,22,40,0.6233611442193087,523,Produk Baru
74100,2025-02-22 00:00:00,Shade mana nih yang jadi inceran kalian? Kasih tau minthinc dongğŸ¤©âœ¨ #Somethinc  #PakaiSomethinc  ,"#Somethinc , #PakaiSomethinc ",Suns - Official Sound Studio,634,44,20,49,1.008097165991903,747,Produk Baru
136300,2025-02-22 00:00:00,Glow up aja dulu ğŸ«µğŸ«µ #Somethinc  #PakaiSomethinc  ,"#Somethinc , #PakaiSomethinc ",suara asli - JUAN JB âš¡,206,12,8,12,0.17461482024944974,238,Tutorial & Tips
126800,2025-02-22 00:00:00,Kalian udah follow Somethinc belum Squad?? #Somethinc  #PakaiSomethinc  ,"#Somethinc , #PakaiSomethinc ",suara asli  - Template POV/CORE,489,12,25,26,0.43533123028391163,552,Promo & Diskon
196100,2025-02-22 00:00:00,Lip glaze that hangs with youâ€”literally! ğŸ”‘ğŸ’‹ #Somethinc  #PakaiSomethinc  ,"#Somethinc , #PakaiSomethinc ",next door jedag jedug - Zachz Winner,3323,124,179,390,2.04793472718001,4016,Produk Baru
119400,2025-02-22 00:00:00,PR Package cantik ini khusus buat kamu! Komen buat yang mau!ğŸ˜ğŸ’œ #Somethinc  #PakaiSomethinc  ,"#Somethinc , #PakaiSomethinc ",som original - Milton - ratomilton,2107,1273,83,155,3.030150753768844,3618,Promo & Diskon
70100,2025-02-21 00:00:00,"Follow Somethinc, siap siap ketemu Minthinc!! #Somethinc  #PakaiSomethinc  ","#Somethinc , #PakaiSomethinc ",suara asli  - eka,275,10,10,26,0.4579172610556348,321,Event & Kolaborasi
251000,2025-02-21 00:00:00,Make some noise for our NEW Brand Ambassador... @Bernadya  ğŸ¤ğŸŒŸ #Somethinc  #PakaiSomethinc  ,"#Somethinc , #PakaiSomethinc ",BORN FOR THIS - Foxxi,5021,90,290,103,2.1928286852589642,5504,Event & Kolaborasi
314400,2025-02-21 00:00:00,TRY ON! Forever Stay Comfort Lip GlazeğŸ’‹âœ¨ #Somethinc  #PakaiSomethinc  ,"#Somethinc , #PakaiSomethinc ",Revival - Dombresky & Noizu & Reblok,5311,166,603,1823,2.513676844783715,7903,Produk Baru
102600,2025-02-21 00:00:00,Spill Lippies yang dipakai BernadyağŸ‘€ğŸ’‹ komen warna favorit kalian apa?! #somethinc  #pakaisomethinc  ,"#somethinc , #pakaisomethinc ","Diet Pepsi slowed - Hi, fashion",2911,35,33,111,3.011695906432749,3090,Tutorial & Tips
75500,2025-02-21 00:00:00,"Make some noise for our NEW Brand Ambassadorâ€¦ @Bernadya  ğŸ¤ğŸŒŸ  Letâ€™s get up close with the chart-topping singer in 10 questionsâ€“ plus, she spilled some tea on our ğ˜¶ğ˜¯ğ˜´ğ˜µğ˜°ğ˜±ğ˜±ğ˜¢ğ˜£ğ˜­ğ˜¦ collab!  Say hi to Bernadya in the comments below ğŸ‘‹",-,Aesthetic Coffee - Febri Handika,1936,19,29,75,2.727152317880795,2059,Event & Kolaborasi
174300,2025-02-21 00:00:00,Gak takut lippies luntur atau transfer didepan ayangğŸ˜˜ğŸ’‹ #somethinc  #pakaisomethinc  ,"#somethinc , #pakaisomethinc ",Funny lazy donkey (hilarious song)(937200) - LEOPARD,457,8,22,49,0.30751577739529545,536,Tutorial & Tips
74700,2025-02-21 00:00:00,"Forever on Stay, forever on PlayğŸ’œğŸ’‹ #Somethinc  #PakaiSomethinc  ","#Somethinc , #PakaiSomethinc ",off the record by ive speed ver. - ğ™š,1110,9,49,143,1.7550200803212852,1311,Tutorial & Tips
103900,2025-02-21 00:00:00,Merem dikit launching produk baru!ğŸ’œâœ¨ #Somethinc  #PakaiSomethinc  ,"#Somethinc , #PakaiSomethinc ",Beat Way Up - Type Beats Trap,614,10,13,49,0.6602502406159769,686,Produk Baru
647900,2025-02-20 00:00:00,"Sekian, dan terima skincare ğŸ«°ğŸ¥° #Somethinc  #PakaiSomethinc  ","#Somethinc , #PakaiSomethinc ",Ğ¾Ñ€Ğ¸Ğ³Ğ¸Ğ½Ğ°Ğ»ÑŒĞ½Ñ‹Ğ¹ Ğ·Ğ²ÑƒĞº  - snauzk,2095,20,122,178,0.3727427072079024,2415,Tutorial & Tips
99500,2025-02-20 00:00:00,"Kaya kata pepatah, sipaksa dahulu, terbiasa kemudian ğŸ™ŒğŸ¥°ğŸ˜† #Somethinc  #PakaiSomethinc  ","#Somethinc , #PakaiSomethinc ",True love sped up - Stan :),388,4,22,19,0.4351758793969849,433,Tutorial & Tips
240500,2025-02-20 00:00:00,"Forever on PLAY, Forever on STAY! 24.02.25ğŸ’‹âœ¨ #Somethinc  #PakaiSomethinc  ","#Somethinc , #PakaiSomethinc ",Aesthetic Coffee - Febri Handika,3185,96,207,366,1.6024948024948023,3854,Produk Baru
139300,2025-02-20 00:00:00,[LIKE & SAVE] Shade mana nih squad yang jadi inceran kamu?ğŸ˜šğŸ’‹âœ¨ #Somethinc  #PakaiSomethinc  ,"#Somethinc , #PakaiSomethinc ",Revival - Dombresky & Noizu & Reblok,843,24,106,250,0.8779612347451544,1223,Produk Baru
104800,2025-02-20 00:00:00,Siap mengguncang dunia per-Lippies-an! ğŸ˜ğŸ’‹ #somethinc  #pakaisomethinc  ,"#somethinc , #pakaisomethinc ",next door jedag jedug - Zachz Winner,1087,24,40,105,1.198473282442748,1256,Produk Baru
235900,2025-02-20 00:00:00,Gimana sih cara pakai Serum Jarum Somethinc yang Benar?ğŸ‘€âœ… #somethinc  #pakaisomethinc  ,"#somethinc , #pakaisomethinc ",Aesthetic Coffee - Febri Handika,1451,24,29,253,0.7448071216617211,1757,Tutorial & Tips
95900,2025-02-19 00:00:00,If forever existsâ€¦ itâ€™s in this lip glaze. ğŸ’‹âœ¨ #Somethinc  #PakaiSomethinc  ,"#Somethinc , #PakaiSomethinc ",original sound - dylansmovin,594,26,21,47,0.7174139728884255,688,Produk Baru
145600,2025-02-19 00:00:00,"Kalau Cewek cewek yang nonton video ini, apa nih yang kalian coret Squad?? #Somethinc  #PakaiSomethinc  ","#Somethinc , #PakaiSomethinc ",love me like you - livsspotifyaudios,571,30,23,15,0.43887362637362637,639,Tutorial & Tips
92100,2025-02-19 00:00:00,"One and only, Calm Down Moisturizer ğŸ«¶ğŸ«  #Somethinc  #PakaiSomethinc  ","#Somethinc , #PakaiSomethinc ",original sound - âœ¶,145,3,13,27,0.2041259500542888,188,Produk Baru
6084,2025-02-19 00:00:00,Essentials onlyâœ¨ğŸ’œ #Somethinc  #PakaiSomethinc  ,"#Somethinc , #PakaiSomethinc ",Intergalactic Janet - Ley Soul,35,1,4,8,0.7889546351084813,48,Produk Baru
101600,2025-02-19 00:00:00,Bahkan tempatnya aja udah gak sanggupğŸ˜­ğŸ«µğŸ»ğŸ’‹ #Somethinc  #PakaiSomethinc  ,"#Somethinc , #PakaiSomethinc ",BORN FOR THIS - Foxxi,853,9,20,54,0.9212598425196851,936,Produk Baru
225600,2025-02-19 00:00:00,Ready to rock those 3D Glazed Lips? ğŸ«¦ğŸ¸ #Somethinc  #PakaiSomethinc  ,"#Somethinc , #PakaiSomethinc ",Aesthetic Coffee - Febri Handika,739,15,37,51,0.3732269503546099,842,Produk Baru
350000,2025-02-19 00:00:00,"Tulis di komen shades apa yang paling kamu incer, Squad! ğŸ˜âœŒğŸ»âœ¨ #Somethinc  #PakaiSomethinc  #LipGlaze  ","#Somethinc , #PakaiSomethinc , #LipGlaze ",original sound  - Somethinc Official,6573,462,1174,2696,3.1157142857142857,10905,Produk Baru
185700,2025-02-19 00:00:00,Get Ready to GLAZE UP! 24.02.2025ğŸ’‹ #somethinc  #pakaisomethinc  ,"#somethinc , #pakaisomethinc ",Intergalactic Janet - Ley Soul,264,10,28,37,0.1825525040387722,339,Produk Baru
147400,2025-02-19 00:00:00,SOMETHINC BERTINGKAH LAGI!ğŸ˜¤ğŸ«µğŸ» #somethinc  #pakaisomethinc  ,"#somethinc , #pakaisomethinc ",Pop like this Pt. 2 (Sped Up) - prodbycpkshawn,125,15,11,23,0.11804613297150611,174,Produk Baru
169800,2025-02-19 00:00:00,"Sending you a sneak peek from our upcoming launch ğŸ˜ğŸ¶  Forever on PLAY, forever on STAY ğŸ”œ ",-,original sound  - Somethinc Official,80,8,4,4,0.05653710247349823,96,Produk Baru
380600,2025-02-18 00:00:00,Tag temen cowok kamu yang cuci mukanya kaya gini ğŸ«µğŸ«µ #Somethinc  #PakaiSomethinc  ,"#Somethinc , #PakaiSomethinc ",original sound  - Festomic,1339,82,81,75,0.41434576983709936,1577,Tutorial & Tips
273000,2025-02-18 00:00:00,"Bangun-bangun kulit langsung glowing, kalem & lembabğŸ¤©ğŸ’š #Somethinc  #PakaiSomethinc  ","#Somethinc , #PakaiSomethinc ",BORN FOR THIS - Foxxi,690,13,27,71,0.2934065934065934,801,Tutorial & Tips
149700,2025-02-18 00:00:00,COMING SOON | 24.02.2025 ğŸ’‹â€¼ï¸ #Somethinc  #PakaiSomethinc  ,"#Somethinc , #PakaiSomethinc ",BORN FOR THIS - Foxxi,160,12,30,10,0.14161656646626586,212,Produk Baru
323500,2025-02-18 00:00:00,Gini dong gak bohong beneran ada Diamond Moleculenya!ğŸ’âœ¨ #somethinc  #pakaisomethinc  ,"#somethinc , #pakaisomethinc ",suara asli  - mauvecakes,533,7,30,48,0.1910355486862442,618,Produk Baru
168800,2025-02-18 00:00:00,Guess whoâ€™s about to join the Somethinc family? ğŸ¤©âœ¨ #Somethinc  #PakaiSomethinc  ,"#Somethinc , #PakaiSomethinc ",Intergalactic Janet - Ley Soul,336,21,41,14,0.24407582938388625,412,Event & Kolaborasi
162500,2025-02-18 00:00:00,She is ğ™ªğ™£ğ™¨ğ™©ğ™¤ğ™¥ğ™¥ğ™–ğ™—ğ™¡ğ™š on the charts & in our hearts ğŸ’œğŸ™ï¸ Now sheâ€™s here to STAY & PLAY with Somethinc. #Somethinc  #SomethincMakeup  #LipGlaze  ,"#Somethinc , #SomethincMakeup , #LipGlaze ",original sound  - Somethinc Official,66,16,3,2,0.05353846153846154,87,Event & Kolaborasi
187200,2025-02-18 00:00:00,The Only FOREVER that truly lasts! Can you guess?ğŸ‘€ğŸ’‹ #somethinc  #pakaisomethinc  ,"#somethinc , #pakaisomethinc ",Intergalactic Janet - Ley Soul,1280,90,30,31,0.764423076923077,1431,Produk Baru
451300,2025-02-17 00:00:00,Tolooong Minthinc demam CALM DOWN MoisturizerğŸ˜­ğŸ˜­ğŸ˜­ #Somethinc  #PakaiSomethinc  ,"#Somethinc , #PakaiSomethinc ",suara asli  - eka,1224,21,58,133,0.3181918900952803,1436,Produk Baru
110900,2025-02-17 00:00:00,"Dengerin sound ini, langsung inget cara cuci muka yang benerğŸ˜‚ğŸ’œ #Somethinc  #PakaiSomethinc  ","#Somethinc , #PakaiSomethinc ",ENGKOL KANAN KIRI FELIK FVNKY - Felik Fvnky,362,3,27,22,0.3733092876465284,414,Tutorial & Tips
211200,2025-02-17 00:00:00,Sebenernya ya gak usah malu juga gak si? Kan lagi ngerawat diri â˜ï¸ğŸ«  #Somethinc  #PakaiSomethinc  ,"#Somethinc , #PakaiSomethinc ",-,925,22,68,118,0.5364583333333334,1133,Tutorial & Tips
166000,2025-02-17 00:00:00,Cleanser yang bikin kulit bersih tapi gak bikin kering ketarik?ğŸ¤”ğŸ’¦ #Somethinc  #PakaiSomethinc  ,"#Somethinc , #PakaiSomethinc ",BORN FOR THIS - Foxxi,417,4,8,32,0.277710843373494,461,Produk Baru
23600,2025-02-17 00:00:00,GonjreenggğŸ¥ Buat yang mau-mau aja yaa iniiğŸ˜šğŸ’œ #Somethinc  #PakaiSomethinc  ,"#Somethinc , #PakaiSomethinc ",original sound - Somethinc Official,218,17,13,20,1.135593220338983,268,Produk Baru
96900,2025-02-17 00:00:00,"Replying to @chsei, lovÃ©nt  maksudnya dipakai semuka kayak gini? ğŸ˜± #somethinc  #pakaisomethinc  ","#somethinc , #pakaisomethinc ",Dance It Up - Muspace Lofi,269,5,10,27,0.32094943240454077,311,Tutorial & Tips
323700,2025-02-17 00:00:00,"Jangan cuma muka yang dirawat, leher juga perlu!ğŸ˜ #somethinc  #pakaisomethinc  ","#somethinc , #pakaisomethinc ",original sound  - Somethinc Official,3133,56,184,1283,1.438368860055607,4656,Tutorial & Tips
76700,2025-02-17 00:00:00,Calm Down Moisturizer cuma 10ribuğŸ˜­ buruan deh follow Somethinc & siap-siap ketemu Minthinc!ğŸ’œâœ¨ #Somethinc  #PakaiSomethinc  ,"#Somethinc , #PakaiSomethinc ",Upbeat Funk - FASSounds,492,7,15,33,0.7131681877444589,547,Promo & Diskon
100500,2025-02-16 00:00:00,Minthinc speechless banget dengernyağŸ˜­ğŸ™ŒğŸ» #Somethinc  #PakaiSomethinc  ,"#Somethinc , #PakaiSomethinc ",original sound - Somethinc Official,412,9,13,21,0.4527363184079602,455,Event & Kolaborasi
221400,2025-02-16 00:00:00,Coba komen jenis kulit kamu & serum apa yang cocok!ğŸ‘€ #somethinc  #pakaisomethinc  ,"#somethinc , #pakaisomethinc ",Intergalactic Janet - Ley Soul,583,6,39,111,0.33378500451671184,739,Tutorial & Tips
108200,2025-02-16 00:00:00,Emang kalian nggak rela?â˜ï¸ğŸ¥º #Somethinc  #PakaiSomethinc  ,"#Somethinc , #PakaiSomethinc ",original sound - song recommendations,203,6,21,19,0.23012939001848426,249,Promo & Diskon
146400,2025-02-15 00:00:00,Glowing butuh usaha bestieeğŸ˜ğŸ’œ #Somethinc  #PakaiSomethinc  ,"#Somethinc , #PakaiSomethinc ",son original - :),289,7,33,49,0.2581967213114754,378,Tutorial & Tips
89200,2025-02-15 00:00:00,Jangan ya Dek yağŸ«µğŸ˜­ #Somethinc  #PakaiSomethinc  ,"#Somethinc , #PakaiSomethinc ",son original - :),377,8,20,39,0.49775784753363234,444,Tutorial & Tips
68800,2025-02-15 00:00:00,Gampang banget buat hapus makeup pakai Omega Jelly! Next kita bikin keseruan apa nih Squad? Komen!ğŸ˜ğŸ’œ #Somethinc  #PakaiSomethinc  ,"#Somethinc , #PakaiSomethinc ",Funny lazy donkey (hilarious song)(937200) - LEOPARD,180,1,5,11,0.2863372093023256,197,Tutorial & Tips
648400,2025-02-15 00:00:00,"Ubur-ubur ikan lele, ada harga ada kualitas leeğŸ˜‡ #Somethinc  #PakaiSomethinc  ","#Somethinc , #PakaiSomethinc ",Relaxed (Sped Up) - MC Mablo Dos ParedÃµes,2360,45,102,222,0.4208821714990746,2729,Produk Baru
105300,2025-02-15 00:00:00,Paling gak bisa minthinc liat kaya giniğŸ« ğŸ«µğŸ» #Somethinc  #PakaiSomethinc  ,"#Somethinc , #PakaiSomethinc ",original sound - Somethinc Official,433,8,23,48,0.4862298195631529,512,Promo & Diskon
94500,2025-02-15 00:00:00,Kalau produk somethinc aku lemahğŸ«µğŸ»ğŸ˜­ #somethinc  #pakaisomethinc  ,"#somethinc , #pakaisomethinc ",original sound  - Somethinc Official,388,7,21,23,0.46455026455026455,439,Produk Baru
77500,2025-02-14 00:00:00,"Khusus untuk Followers Somethinc, yuk jawab urutannya di comment sesuai hurufnya!ğŸ˜œğŸ«µğŸ» #somethinc  #pakaisomethinc  ","#somethinc , #pakaisomethinc ",Video Game - Nyuck,77,11,9,12,0.14064516129032256,109,Promo & Diskon
150300,2025-02-14 00:00:00,"Pertanyaan Minthinc, emang kalian punya partner Valentine? ğŸ«µğŸ˜­ #Somethinc  #PakaiSomethinc  ","#Somethinc , #PakaiSomethinc ",Happy - DJ Keblinger$,219,3,10,13,0.16300731869594146,245,Promo & Diskon
133800,2025-02-14 00:00:00,Minthinc kepo nih sama Skincareâ€™s Journey kalianğŸ«µğŸ«µ #Somethinc  #PakaiSomethinc  ,"#Somethinc , #PakaiSomethinc ",Ğ¾Ñ€Ğ¸Ğ³Ğ¸Ğ½Ğ°Ğ»ÑŒĞ½Ñ‹Ğ¹ Ğ·Ğ²ÑƒĞº  - snauzk,331,3,27,47,0.30493273542600896,408,Tutorial & Tips
104800,2025-02-14 00:00:00,Mention Pasangan Kamu Sekarang! ğŸ˜œğŸ¥° #somethinc  #pakaisomethinc  ,"#somethinc , #pakaisomethinc ",original sound - loggerkkk - ğŸ§,478,15,12,29,0.5095419847328244,534,Tutorial & Tips
411100,2025-02-13 00:00:00,"Find your match, fix your skin concernâœ¨ğŸ’œ #Somethinc  #PakaiSomethinc  ","#Somethinc , #PakaiSomethinc ",suara asli  - Ema ğŸ§šâ€â™€ï¸,1315,21,33,345,0.41693018730235953,1714,Tutorial & Tips
180400,2025-02-13 00:00:00,Millennials Must Have for Anti-Aging!âœ¨ #Somethinc  #PakaiSomethinc  ,"#Somethinc , #PakaiSomethinc ",Aesthetic Coffee - Febri Handika,520,9,38,50,0.3420177383592018,617,Tutorial & Tips
210800,2025-02-13 00:00:00,Coba tag temen cowok kalian yang baru atau udah mulai rajin skincarean Squad! #Somethinc  #PakaiSomethinc  ,"#Somethinc , #PakaiSomethinc ",ì˜¤ë¦¬ì§€ë„ ì‚¬ìš´ë“œ  - ì”ë§ë£¨í”¼ ZANMANG LOOPY,444,4,37,53,0.25521821631878555,538,Tutorial & Tips
163200,2025-02-13 00:00:00,"Wash your face without worries! ğŸ’¦ A gentle, non-stripping jelly cleanser that keeps your skin fresh & hydrated! âœ¨ #Somethinc  #PakaiSomethinc  ","#Somethinc , #PakaiSomethinc ",suara asli - yannnanaa - ryan,377,5,12,21,0.2542892156862745,415,Produk Baru
81800,2025-02-13 00:00:00,Test kecocokan pasangan dapet promo special?!ğŸ˜âœ¨ Jangan lupa join TikTok Live Somethinc tanggal 14 Februariâš ï¸ #Somethinc  #PakaiSomethinc  ,"#Somethinc , #PakaiSomethinc ",original sound - Somethinc Official,602,2,16,26,0.7897310513447433,646,Promo & Diskon
216600,2025-02-13 00:00:00,Serum Somethinc yang cocok buat masalah kulit kamu!ğŸ‘€ğŸ’œ #somethinc  #pakaisomethinc  ,"#somethinc , #pakaisomethinc ",Intergalactic Janet - Ley Soul,754,6,47,266,0.49538319482917825,1073,Tutorial & Tips
133900,2025-02-13 00:00:00,Yang bener aja dong! Skimcare aja 10 stepğŸ«µğŸ»ğŸ˜­ #somethinc  #pakaisomethinc  ,"#somethinc , #pakaisomethinc ",Funny and Unusual Scene - HarmonicoHCO,191,5,16,22,0.17475728155339806,234,Tutorial & Tips
172500,2025-02-13 00:00:00,Kalau ğŸ”¥ğŸ”¥ğŸ”¥& ğŸ’§ğŸ’§ğŸ’§ versi kalian apa Squad?? #Somethinc  #PakaiSomethinc  ,"#Somethinc , #PakaiSomethinc ",original sound - spexdx,185,3,6,20,0.12405797101449276,214,Event & Kolaborasi
130600,2025-02-12 00:00:00,Namanya juga typo ğŸ«  #Somethinc  #PakaiSomethinc  ,"#Somethinc , #PakaiSomethinc ",Laugh Pause - Crispinion,612,6,56,32,0.5405819295558958,706,Tutorial & Tips
153400,2025-02-12 00:00:00,"Two generations, two skincare styles. Are you Gen Z or Millennials?ğŸ’†â€â™€ï¸ğŸ’œ #Somethinc  #PakaiSomethinc  ","#Somethinc , #PakaiSomethinc ",love me like you - livsspotifyaudios,207,7,15,23,0.16427640156453716,252,Tutorial & Tips
76500,2025-02-12 00:00:00,Love is in the air..and so is the perfect deal! Only on ShopeeğŸ’ğŸ’œ ,-,sonido original - ğŸ”¥,470,7,20,20,0.6758169934640522,517,Promo & Diskon
50500,2025-02-12 00:00:00,Rajin skincarean itu salah satu bentuk investasi untuk diri sendiri loh Squad! #Somethinc  #PakaiSomethinc  ,"#Somethinc , #PakaiSomethinc ",Solo piano Ghibli style melancholy waltz(1527157) - MaSssuguMusic,116,3,4,4,0.2514851485148515,127,Tutorial & Tips
154400,2025-02-12 00:00:00,Tim Cleansing Balm atau Tim Micellar Water?ğŸ‘€ #somethinc  #pakaisomethinc  ,"#somethinc , #pakaisomethinc ",PHONK BRASILEIRO FRESCO - DJ MOIGUS & DJ FKU,366,3,5,41,0.2687823834196891,415,Tutorial & Tips
170300,2025-02-12 00:00:00,"Usia bertambah, masalah kulit juga ikut bertambah! Solusinya apa dong?ğŸ˜­ğŸ«µğŸ» #somethinc  #pakaisomethinc  ","#somethinc , #pakaisomethinc ",Love You So - The King Khan & BBQ Show,298,7,22,44,0.2178508514386377,371,Tutorial & Tips
258000,2025-02-11 00:00:00,Minthinc gak kuat lihat yang pakainya sampai ke kepala ğŸ˜­ğŸ˜­ #Somethinc  #PakaiSomethinc  ,"#Somethinc , #PakaiSomethinc ",Relaxed (Sped Up) - MC Mablo Dos ParedÃµes,1248,12,59,115,0.555813953488372,1434,Tutorial & Tips
98600,2025-02-11 00:00:00,"Jangan lupa like & share, supaya kita bisa terus berbagi kebaikanğŸ™ğŸ»âœ¨ #Somethinc  #PakaiSomethinc  ","#Somethinc , #PakaiSomethinc ",original sound - Somethinc Official,465,14,21,34,0.5415821501014199,534,Promo & Diskon
154400,2025-02-11 00:00:00,âš ï¸Jangan asal pakai cleanserâš ï¸ #Somethinc  #Somethinc  ,"#Somethinc , #Somethinc ",Aesthetic Coffee - Febri Handika,429,7,25,75,0.3471502590673575,536,Tutorial & Tips
128300,2025-02-11 00:00:00,"Flawless by day, fresh by nightğŸ’œğŸ’†â€â™€ï¸ #Somethinc  #PakaiSomethinc  ","#Somethinc , #PakaiSomethinc ",Ring trend - Audreyy,223,2,24,22,0.2112236944660951,271,Tutorial & Tips
400700,2025-02-11 00:00:00,"Serum Sultan dari Somethinc! Buat kulit halus, lembab & glowingğŸ’âœ¨ #Somethinc  #PakaiSomethinc  ","#Somethinc , #PakaiSomethinc ",Drop It Like x Without Me - ARNEL REMIX,668,4,31,64,0.1914150237085101,767,Produk Baru
102400,2025-02-11 00:00:00,We just melted seeing that 300K+ are obsessed with Omega Deep Cleansing Balm ğŸ¤©ğŸ«¶  Now comes in new & improved formulation! Grab yours fast â€˜cause theyâ€™re slipping off the shelves ğŸ’¨  #Somethinc  #SomethincBalm  #SomethincJelly ,"#Somethinc , #SomethincBalm , #SomethincJelly ",original sound  - Somethinc Official,356,4,1,10,0.3623046875,371,Produk Baru
998800,2025-02-11 00:00:00,"Nasib punya kulit sensitif, dikit-dikit bermaslah!ğŸ˜­ tapi untung ada Moisturizer iniğŸ’œ#somethinc  #pakaisomethinc  ","#somethinc , #pakaisomethinc ",Kalemin Aja Somethinc X Afgan - Somethinc Official,2132,24,120,367,0.2646175410492591,2643,Tutorial & Tips
